Date,Hour,Condi,Temp,Sunsine,Dew,preci,Snow,wdirect,wspeed,Gust,Pressure,Humidity
2024-05-01,00,,31 °C,—,28 °C,0 mm,—,,14.8 km/h,—,1007 hPa,84 %
2024-05-01,01,,30 °C,—,28 °C,0 mm,—,,14.8 km/h,—,1007 hPa,89 %
2024-05-01,02,,30 °C,—,28 °C,0 mm,—,,13 km/h,—,1006 hPa,89 %
2024-05-01,03,,30 °C,—,28 °C,0 mm,—,,14.8 km/h,—,1006 hPa,89 %
2024-05-01,04,,30 °C,—,28 °C,0 mm,—,,14.8 km/h,—,1006 hPa,89 %
2024-05-01,05,,30 °C,—,28 °C,0 mm,—,,11 km/h,—,1006 hPa,89 %
2024-05-01,06,,30 °C,—,28 °C,0 mm,—,,11 km/h,—,1007 hPa,89 %
2024-05-01,07,,31 °C,—,28 °C,0 mm,—,,7 km/h,—,1007 hPa,84 %
2024-05-01,08,,33 °C,—,27 °C,0 mm,—,,6 km/h,—,1008 hPa,71 %
2024-05-01,09,,33 °C,—,25 °C,0 mm,—,,7 km/h,—,1008 hPa,63 %
2024-05-01,10,,35 °C,—,22 °C,0 mm,—,,9 km/h,—,1007 hPa,47 %
2024-05-01,11,,36 °C,—,21.8 °C,0 mm,—,,9 km/h,—,1006 hPa,44 %
2024-05-01,12,,37 °C,—,22 °C,0 mm,—,,6 km/h,—,1006 hPa,42 %
2024-05-01,13,,38 °C,—,22.1 °C,0 mm,—,,7 km/h,—,1004 hPa,40 %
2024-05-01,14,,37 °C,—,23.1 °C,0 mm,—,,13 km/h,—,1003 hPa,45 %
2024-05-01,15,,37 °C,—,24.2 °C,0 mm,—,,11 km/h,—,1003 hPa,48 %
2024-05-01,16,,36 °C,—,23.9 °C,0 mm,—,,17 km/h,—,1003 hPa,50 %
2024-05-01,17,,36 °C,—,23.9 °C,0 mm,—,,15 km/h,—,1003 hPa,50 %
2024-05-01,18,,34 °C,—,23.1 °C,0 mm,—,,13 km/h,—,1004 hPa,53 %
2024-05-01,19,,32 °C,—,24.1 °C,0 mm,—,,22 km/h,—,1004 hPa,63 %
2024-05-01,20,,32 °C,—,26.1 °C,0 mm,—,,20 km/h,—,1004 hPa,71 %
2024-05-01,21,,31 °C,—,26.9 °C,0 mm,—,,15 km/h,—,1006 hPa,79 %
2024-05-01,22,,31 °C,—,26.9 °C,0 mm,—,,17 km/h,—,1007 hPa,79 %
2024-05-01,23,,31 °C,—,26.9 °C,0 mm,—,,15 km/h,—,1007 hPa,79 %
2024-05-02,00,,31 °C,—,28 °C,0 mm,—,,15 km/h,—,1007 hPa,84 %
2024-05-02,01,,31 °C,—,26.9 °C,0 mm,—,,11 km/h,—,1007 hPa,79 %
2024-05-02,02,,30 °C,—,28 °C,0 mm,—,,15 km/h,—,1006 hPa,89 %
2024-05-02,03,,30 °C,—,27 °C,0 mm,—,,15 km/h,—,1006 hPa,84 %
2024-05-02,04,,30 °C,—,28 °C,0 mm,—,,15 km/h,—,1006 hPa,89 %
2024-05-02,05,,30 °C,—,28 °C,0.1 mm,—,,11.2 km/h,—,1008 hPa,89 %
2024-05-02,06,,30 °C,—,27 °C,0.1 mm,—,,11.2 km/h,—,1008 hPa,84 %
2024-05-02,07,,31 °C,—,26.9 °C,0 mm,—,,13 km/h,—,1009 hPa,79 %
2024-05-02,08,,32 °C,—,26.1 °C,0.7 mm,—,,13 km/h,—,1009 hPa,71 %
2024-05-02,09,,33 °C,—,25 °C,0 mm,—,,7.6 km/h,—,1009 hPa,63 %
2024-05-02,10,,34 °C,—,25.1 °C,0 mm,—,,9.4 km/h,—,1008 hPa,60 %
2024-05-02,11,,35 °C,—,23 °C,0 mm,—,,9.4 km/h,—,1008 hPa,50 %
2024-05-02,12,,36 °C,—,21.8 °C,0 mm,—,,9.4 km/h,—,1007 hPa,44 %
2024-05-02,13,,37 °C,—,22 °C,0 mm,—,,9.4 km/h,—,1005 hPa,42 %
2024-05-02,14,,38 °C,—,21.2 °C,0 mm,—,,11.2 km/h,—,1005 hPa,38 %
2024-05-02,15,,38 °C,—,21.2 °C,0 mm,—,,9.4 km/h,—,1004 hPa,38 %
2024-05-02,16,,38 °C,—,21.2 °C,0 mm,—,,13 km/h,—,1005 hPa,38 %
2024-05-02,17,,35 °C,—,24 °C,0 mm,—,,22.3 km/h,—,1005 hPa,53 %
2024-05-02,18,,33 °C,—,25 °C,0 mm,—,,18.4 km/h,—,1006 hPa,63 %
2024-05-02,19,,32 °C,—,26.1 °C,0 mm,—,,18.4 km/h,—,1006 hPa,71 %
2024-05-02,20,,31 °C,—,26.9 °C,0 mm,—,,18.4 km/h,—,1006 hPa,79 %
2024-05-02,21,,31 °C,—,26.9 °C,0 mm,—,,16.6 km/h,—,1007 hPa,79 %
2024-05-02,22,,31 °C,—,26.9 °C,0 mm,—,,14.8 km/h,—,1008 hPa,79 %
2024-05-02,23,,31 °C,—,26.9 °C,0 mm,—,,13 km/h,—,1008 hPa,79 %
2024-05-03,00,,31 °C,—,26.9 °C,0 mm,—,,14.8 km/h,—,1007 hPa,79 %
2024-05-03,01,,31 °C,—,26.9 °C,0 mm,—,,11.2 km/h,—,1007 hPa,79 %
2024-05-03,02,,31 °C,—,26.9 °C,0 mm,—,,13 km/h,—,1007 hPa,79 %
2024-05-03,03,,31 °C,—,26.9 °C,0 mm,—,,11.2 km/h,—,1007 hPa,79 %
2024-05-03,04,,30 °C,—,28 °C,0 mm,—,,11.2 km/h,—,1007 hPa,89 %
2024-05-03,05,,30 °C,—,28 °C,0 mm,—,,11.2 km/h,—,1008 hPa,89 %
2024-05-03,06,,30 °C,—,27 °C,0 mm,—,,9.4 km/h,—,1009 hPa,84 %
2024-05-03,07,,32 °C,—,27 °C,0 mm,—,,11.2 km/h,—,1009 hPa,75 %
2024-05-03,08,,32 °C,—,26.1 °C,0 mm,—,,13 km/h,—,1010 hPa,71 %
2024-05-03,09,,33 °C,—,25 °C,0 mm,—,,13 km/h,—,1010 hPa,63 %
2024-05-03,10,,35 °C,—,24 °C,0 mm,—,,13 km/h,—,1009 hPa,53 %
2024-05-03,11,,35 °C,—,24 °C,0 mm,—,,7.6 km/h,—,1008 hPa,53 %
2024-05-03,12,,37 °C,—,24.2 °C,0 mm,—,,13 km/h,—,1008 hPa,48 %
2024-05-03,13,,37 °C,—,23.1 °C,0 mm,—,,14.8 km/h,—,1006 hPa,45 %
2024-05-03,14,,38 °C,—,24 °C,0 mm,—,,14.8 km/h,—,1006 hPa,45 %
2024-05-03,15,,37 °C,—,23.1 °C,0 mm,—,,13 km/h,—,1005 hPa,45 %
2024-05-03,16,,35 °C,—,24 °C,0 mm,—,,14.8 km/h,—,1005 hPa,53 %
2024-05-03,17,,34 °C,—,25.1 °C,0 mm,—,,14.8 km/h,—,1005 hPa,60 %
2024-05-03,18,,33 °C,—,26.1 °C,0 mm,—,,16.6 km/h,—,1007 hPa,67 %
2024-05-03,19,,32 °C,—,26.1 °C,0 mm,—,,16.6 km/h,—,1008 hPa,71 %
2024-05-03,20,,31 °C,—,26.9 °C,0 mm,—,,18.4 km/h,—,1008 hPa,79 %
2024-05-03,21,,31 °C,—,26.9 °C,0 mm,—,,16.6 km/h,—,1009 hPa,79 %
2024-05-03,22,,31 °C,—,26 °C,0 mm,—,,14.8 km/h,—,1010 hPa,75 %
2024-05-03,23,,31 °C,—,26.9 °C,0 mm,—,,11.2 km/h,—,1009 hPa,79 %
2024-05-04,00,,31 °C,—,26 °C,0 mm,—,,13 km/h,—,1009 hPa,75 %
2024-05-04,01,,31 °C,—,26 °C,0 mm,—,,14.8 km/h,—,1008 hPa,75 %
2024-05-04,02,,31 °C,—,26 °C,0 mm,—,,9.4 km/h,—,1008 hPa,75 %
2024-05-04,03,,30 °C,—,27 °C,0.1 mm,—,,5.4 km/h,—,1008 hPa,84 %
2024-05-04,04,,30 °C,—,27 °C,0 mm,—,,7.6 km/h,—,1008 hPa,84 %
2024-05-04,05,,30 °C,—,27 °C,0 mm,—,,7.6 km/h,—,1009 hPa,84 %
2024-05-04,06,,29 °C,—,27 °C,0 mm,—,,16.6 km/h,—,1009 hPa,89 %
2024-05-04,07,,29 °C,—,27.9 °C,0 mm,—,,1.8 km/h,—,1009 hPa,94 %
2024-05-04,08,,31 °C,—,28 °C,0 mm,—,,3.6 km/h,—,1009 hPa,84 %
2024-05-04,09,,33 °C,—,25 °C,0 mm,—,,14.8 km/h,—,1009 hPa,63 %
2024-05-04,10,,35 °C,—,24 °C,0 mm,—,,7.6 km/h,—,1009 hPa,53 %
2024-05-04,11,,35 °C,—,23 °C,0 mm,—,,11.2 km/h,—,1009 hPa,50 %
2024-05-04,12,,34 °C,—,23.1 °C,0 mm,—,,3.6 km/h,—,1008 hPa,53 %
2024-05-04,13,,35 °C,—,23 °C,2.5 mm,—,,11.2 km/h,—,1006 hPa,50 %
2024-05-04,14,,37 °C,—,23.1 °C,0.7 mm,—,,9.4 km/h,—,1006 hPa,45 %
2024-05-04,15,,36 °C,—,22.9 °C,0.9 mm,—,,18.4 km/h,—,1005 hPa,47 %
2024-05-04,16,,35 °C,—,23 °C,0.6 mm,—,,13 km/h,—,1005 hPa,50 %
2024-05-04,17,,34 °C,—,24 °C,0 mm,—,,14.8 km/h,—,1005 hPa,56 %
2024-05-04,18,,33 °C,—,23.9 °C,0 mm,—,,16.6 km/h,—,1007 hPa,59 %
2024-05-04,19,,32 °C,—,26.1 °C,0 mm,—,,7.6 km/h,—,1008 hPa,71 %
2024-05-04,20,,30 °C,—,23.9 °C,0 mm,—,,13 km/h,—,1007 hPa,70 %
2024-05-04,21,,29 °C,—,26 °C,0 mm,—,,7.6 km/h,—,1008 hPa,84 %
2024-05-04,22,,29 °C,—,27 °C,0 mm,—,,3.6 km/h,—,1009 hPa,89 %
2024-05-04,23,,29 °C,—,26 °C,0 mm,—,,5.4 km/h,—,1008 hPa,84 %
2024-05-05,00,,30 °C,—,26 °C,0 mm,—,,3.6 km/h,—,1007 hPa,79 %
2024-05-05,01,,29 °C,—,26 °C,0 mm,—,,3.6 km/h,—,1007 hPa,84 %
2024-05-05,02,,28 °C,—,26 °C,0 mm,—,,7.6 km/h,—,1006 hPa,89 %
2024-05-05,03,,28 °C,—,26 °C,0 mm,—,,1.8 km/h,—,1006 hPa,89 %
2024-05-05,04,,28 °C,—,26.9 °C,0 mm,—,,5.4 km/h,—,1006 hPa,94 %
2024-05-05,05,,29 °C,—,27 °C,0 mm,—,,3.6 km/h,—,1007 hPa,89 %
2024-05-05,06,,28 °C,—,26.9 °C,0.1 mm,—,,7.6 km/h,—,1008 hPa,94 %
2024-05-05,07,,30 °C,—,27 °C,0 mm,—,,7.6 km/h,—,1009 hPa,84 %
2024-05-05,08,,31 °C,—,26.9 °C,0 mm,—,,7.6 km/h,—,1010 hPa,79 %
2024-05-05,09,,33 °C,—,26.1 °C,0 mm,—,,5.4 km/h,—,1010 hPa,67 %
2024-05-05,10,,34 °C,—,24 °C,0.1 mm,—,,7.6 km/h,—,1009 hPa,56 %
2024-05-05,11,,35 °C,—,24 °C,3.4 mm,—,,5.4 km/h,—,1008 hPa,53 %
2024-05-05,12,,35 °C,—,23 °C,1 mm,—,,7.6 km/h,—,1008 hPa,50 %
2024-05-05,13,,30 °C,—,23.9 °C,2.5 mm,—,,29.5 km/h,—,1007 hPa,70 %
2024-05-05,14,,29 °C,—,27 °C,0 mm,—,,13 km/h,—,1006 hPa,89 %
2024-05-05,15,,28 °C,—,26 °C,0.3 mm,—,,13 km/h,—,1006 hPa,89 %
2024-05-05,16,,31 °C,—,26 °C,0 mm,—,,9.4 km/h,—,1006 hPa,75 %
2024-05-05,17,,31 °C,—,26 °C,0.3 mm,—,,9.4 km/h,—,1007 hPa,75 %
2024-05-05,18,,31 °C,—,26 °C,0.2 mm,—,,1.8 km/h,—,1008 hPa,75 %
2024-05-05,19,,28 °C,—,25 °C,0 mm,—,,7.6 km/h,—,1009 hPa,84 %
2024-05-05,20,,27 °C,—,26 °C,0 mm,—,,9.4 km/h,—,1009 hPa,94 %
2024-05-05,21,,28 °C,—,26 °C,0 mm,—,,1.8 km/h,—,1010 hPa,89 %
2024-05-05,22,,28 °C,—,26 °C,0 mm,—,,1.8 km/h,—,1010 hPa,89 %
2024-05-05,23,,28 °C,—,26 °C,0 mm,—,,5.4 km/h,—,1009 hPa,89 %
2024-05-06,00,,28 °C,—,26 °C,0 mm,—,,5.4 km/h,—,1009 hPa,89 %
2024-05-06,01,,28 °C,—,26 °C,0 mm,—,,3.6 km/h,—,1008 hPa,89 %
2024-05-06,02,,28 °C,—,26 °C,0 mm,—,,7.6 km/h,—,1008 hPa,89 %
2024-05-06,03,,28 °C,—,26 °C,0 mm,—,,3.6 km/h,—,1007 hPa,89 %
2024-05-06,04,,27 °C,—,26 °C,0 mm,—,,5.4 km/h,—,1008 hPa,94 %
2024-05-06,05,,27 °C,—,26 °C,0 mm,—,,3.6 km/h,—,1008 hPa,94 %
2024-05-06,06,,28 °C,—,26.9 °C,0 mm,—,,5.4 km/h,—,1009 hPa,94 %
2024-05-06,07,,29 °C,—,27 °C,0 mm,—,,7.6 km/h,—,1010 hPa,89 %
2024-05-06,08,,31 °C,—,28 °C,0 mm,—,,7.6 km/h,—,1011 hPa,84 %
2024-05-06,09,,33 °C,—,27 °C,0 mm,—,,11.2 km/h,—,1011 hPa,71 %
2024-05-06,10,,34 °C,—,24 °C,0 mm,—,,7.6 km/h,—,1010 hPa,56 %
2024-05-06,11,,36 °C,—,22.9 °C,0 mm,—,,11.2 km/h,—,1010 hPa,47 %
2024-05-06,12,,35 °C,—,23 °C,0 mm,—,,13 km/h,—,1009 hPa,50 %
2024-05-06,13,,35 °C,—,23 °C,0 mm,—,,14.8 km/h,—,1007 hPa,50 %
2024-05-06,14,,35 °C,—,24 °C,0 mm,—,,14.8 km/h,—,1007 hPa,53 %
2024-05-06,15,,36 °C,—,23.9 °C,0 mm,—,,20.5 km/h,—,1006 hPa,50 %
2024-05-06,16,,35 °C,—,24 °C,0 mm,—,,18.4 km/h,—,1006 hPa,53 %
2024-05-06,17,,34 °C,—,24 °C,0 mm,—,,24.1 km/h,—,1006 hPa,56 %
2024-05-06,18,,32 °C,—,25.1 °C,0 mm,—,,18.4 km/h,—,1007 hPa,67 %
2024-05-06,19,,31 °C,—,25.1 °C,0 mm,—,,14.8 km/h,—,1008 hPa,71 %
2024-05-06,20,,31 °C,—,23.9 °C,0 mm,—,,14.8 km/h,—,1009 hPa,66 %
2024-05-06,21,,31 °C,—,25.1 °C,0 mm,—,,13 km/h,—,1010 hPa,71 %
2024-05-06,22,,31 °C,—,25.1 °C,0 mm,—,,14.8 km/h,—,1010 hPa,71 %
2024-05-06,23,,30 °C,—,25.1 °C,0 mm,—,,13 km/h,—,1010 hPa,75 %
2024-05-07,00,,30 °C,—,25.1 °C,0 mm,—,,13 km/h,—,1010 hPa,75 %
2024-05-07,01,,30 °C,—,25.1 °C,0 mm,—,,13 km/h,—,1010 hPa,75 %
2024-05-07,02,,30 °C,—,25.1 °C,0 mm,—,,9.4 km/h,—,1009 hPa,75 %
2024-05-07,03,,30 °C,—,26 °C,0 mm,—,,11.2 km/h,—,1009 hPa,79 %
2024-05-07,04,,29 °C,—,26 °C,0 mm,—,,11.2 km/h,—,1009 hPa,84 %
2024-05-07,05,,29 °C,—,26 °C,0 mm,—,,7.6 km/h,—,1010 hPa,84 %
2024-05-07,06,,29 °C,—,27 °C,0 mm,—,,9.4 km/h,—,1011 hPa,89 %
2024-05-07,07,,31 °C,—,26.9 °C,0 mm,—,,11.2 km/h,—,1011 hPa,79 %
2024-05-07,08,,33 °C,—,23.9 °C,0 mm,—,,13 km/h,—,1011 hPa,59 %
2024-05-07,09,,34 °C,—,23.1 °C,0 mm,—,,14.8 km/h,—,1011 hPa,53 %
2024-05-07,10,,35 °C,—,23 °C,0 mm,—,,13 km/h,—,1011 hPa,50 %
2024-05-07,11,,36 °C,—,21.8 °C,0 mm,—,,13 km/h,—,1010 hPa,44 %
2024-05-07,12,,36 °C,—,21.8 °C,0.8 mm,—,,11.2 km/h,—,1010 hPa,44 %
2024-05-07,13,,36 °C,—,23.9 °C,0.1 mm,—,,18.4 km/h,—,1009 hPa,50 %
2024-05-07,14,,30 °C,—,26 °C,0.2 mm,—,,11.2 km/h,—,1008 hPa,79 %
2024-05-07,15,,36 °C,—,23.9 °C,4 mm,—,,16.6 km/h,—,1007 hPa,50 %
2024-05-07,16,,32 °C,—,24.1 °C,7.7 mm,—,,25.9 km/h,—,1008 hPa,63 %
2024-05-07,17,,29 °C,—,26 °C,0.6 mm,—,,16.6 km/h,—,1008 hPa,84 %
2024-05-07,18,,26 °C,—,26 °C,0 mm,—,,22.3 km/h,—,1009 hPa,100 %
2024-05-07,19,,28 °C,—,26.9 °C,0 mm,—,,3.6 km/h,—,1010 hPa,94 %
2024-05-07,20,,28 °C,—,26.9 °C,0 mm,—,,5.4 km/h,—,1011 hPa,94 %
2024-05-07,21,,28 °C,—,26.9 °C,0 mm,—,,1.8 km/h,—,1011 hPa,94 %
2024-05-07,22,,28 °C,—,26.9 °C,0 mm,—,,3.6 km/h,—,1011 hPa,94 %
2024-05-07,23,,28 °C,—,26.9 °C,0.5 mm,—,,3.6 km/h,—,1011 hPa,94 %
2024-05-08,00,,28 °C,—,26.9 °C,0 mm,—,,4 km/h,—,1010 hPa,94 %
2024-05-08,01,,27 °C,—,27 °C,0 mm,—,,6 km/h,—,1010 hPa,100 %
2024-05-08,02,,27 °C,—,27 °C,0 mm,—,,5.4 km/h,—,1010 hPa,100 %
2024-05-08,03,,27 °C,—,27 °C,0 mm,—,,3.6 km/h,—,1010 hPa,100 %
2024-05-08,04,,27 °C,—,26 °C,0 mm,—,,9 km/h,—,1010 hPa,94 %
2024-05-08,05,,27 °C,—,26 °C,0 mm,—,,7 km/h,—,1010 hPa,94 %
2024-05-08,06,,27 °C,—,26 °C,0 mm,—,,9 km/h,—,1010 hPa,94 %
2024-05-08,07,,29 °C,—,27.9 °C,0 mm,—,,7 km/h,—,1011 hPa,94 %
2024-05-08,08,,31 °C,—,26.9 °C,0 mm,—,,4 km/h,—,1011 hPa,79 %
2024-05-08,09,,32 °C,—,27 °C,0 mm,—,,11 km/h,—,1011 hPa,75 %
2024-05-08,10,,34 °C,—,24 °C,0 mm,—,,11 km/h,—,1010 hPa,56 %
2024-05-08,11,,35 °C,—,22 °C,0 mm,—,,13 km/h,—,1010 hPa,47 %
2024-05-08,12,,36 °C,—,21.8 °C,0 mm,—,,11 km/h,—,1009 hPa,44 %
2024-05-08,13,,37 °C,—,22 °C,0 mm,—,,7 km/h,—,1008 hPa,42 %
2024-05-08,14,,37 °C,—,22 °C,0 mm,—,,7 km/h,—,1006 hPa,42 %
2024-05-08,15,,35 °C,—,23 °C,0 mm,—,,30 km/h,—,1006 hPa,50 %
2024-05-08,16,,35 °C,—,23 °C,0.4 mm,—,,13 km/h,—,1006 hPa,50 %
2024-05-08,17,,34 °C,—,25.1 °C,0 mm,—,,17 km/h,—,1006 hPa,60 %
2024-05-08,18,,30 °C,—,23 °C,0 mm,—,,4 km/h,—,1007 hPa,66 %
2024-05-08,19,,31 °C,—,25.1 °C,0 mm,—,,17 km/h,—,1008 hPa,71 %
2024-05-08,20,,31 °C,—,26 °C,0 mm,—,,15 km/h,—,1008 hPa,75 %
2024-05-08,21,,31 °C,—,26 °C,0 mm,—,,17 km/h,—,1009 hPa,75 %
2024-05-08,22,,31 °C,—,26 °C,0.1 mm,—,,20 km/h,—,1009 hPa,75 %
2024-05-08,23,,31 °C,—,26 °C,0 mm,—,,20 km/h,—,1009 hPa,75 %
2024-05-09,00,,30 °C,—,26 °C,0 mm,—,,15 km/h,—,1009 hPa,79 %
2024-05-09,01,,30 °C,—,26 °C,0 mm,—,,19 km/h,—,1009 hPa,79 %
2024-05-09,02,,30 °C,—,26 °C,0 mm,—,,13 km/h,—,1008 hPa,79 %
2024-05-09,03,,30 °C,—,26 °C,0 mm,—,,9 km/h,—,1008 hPa,79 %
2024-05-09,04,,30 °C,—,26 °C,0 mm,—,,19 km/h,—,1008 hPa,79 %
2024-05-09,05,,29 °C,—,26 °C,0 mm,—,,9 km/h,—,1009 hPa,84 %
2024-05-09,06,,30 °C,—,26 °C,0 mm,—,,11 km/h,—,1009 hPa,79 %
2024-05-09,07,,31 °C,—,26 °C,0 mm,—,,13 km/h,—,1010 hPa,75 %
2024-05-09,08,,33 °C,—,23.9 °C,0 mm,—,,17 km/h,—,1010 hPa,59 %
2024-05-09,09,,34 °C,—,23.1 °C,0 mm,—,,22 km/h,—,1010 hPa,53 %
2024-05-09,10,,34 °C,—,23.1 °C,0 mm,—,,9 km/h,—,1010 hPa,53 %
2024-05-09,11,,36 °C,—,21.8 °C,0.1 mm,—,,17 km/h,—,1010 hPa,44 %
2024-05-09,12,,37 °C,—,22 °C,0 mm,—,,13 km/h,—,1009 hPa,42 %
2024-05-09,13,,28 °C,—,25 °C,0.4 mm,—,,20 km/h,—,1008 hPa,84 %
2024-05-09,14,,30 °C,—,28 °C,0 mm,—,,9 km/h,—,1007 hPa,89 %
2024-05-09,15,,33 °C,—,26.1 °C,1.9 mm,—,,15 km/h,—,1006 hPa,67 %
2024-05-09,16,,33 °C,—,25 °C,0.1 mm,—,,20 km/h,—,1007 hPa,63 %
2024-05-09,17,,32 °C,—,25.1 °C,1.7 mm,—,,22 km/h,—,1007 hPa,67 %
2024-05-09,18,,31 °C,—,26 °C,0 mm,—,,15 km/h,—,1008 hPa,75 %
2024-05-09,19,,31 °C,—,26.9 °C,0 mm,—,,11 km/h,—,1009 hPa,79 %
2024-05-09,20,,31 °C,—,26 °C,0 mm,—,,17 km/h,—,1009 hPa,75 %
2024-05-09,21,,30 °C,—,26 °C,0 mm,—,,9 km/h,—,1010 hPa,79 %
2024-05-09,22,,30 °C,—,26 °C,0 mm,—,,13 km/h,—,1011 hPa,79 %
2024-05-09,23,,30 °C,—,27 °C,0 mm,—,,17 km/h,—,1011 hPa,84 %
2024-05-10,00,,30 °C,—,27 °C,0 mm,—,,17 km/h,—,1009 hPa,84 %
2024-05-10,01,,30 °C,—,27 °C,0 mm,—,,15 km/h,—,1009 hPa,84 %
2024-05-10,02,,29 °C,—,27 °C,0 mm,—,,9 km/h,—,1009 hPa,89 %
2024-05-10,03,,29 °C,—,27 °C,0 mm,—,,11 km/h,—,1009 hPa,89 %
2024-05-10,04,,28 °C,—,26.9 °C,0 mm,—,,7 km/h,—,1009 hPa,94 %
2024-05-10,05,,28 °C,—,26.9 °C,0 mm,—,,6 km/h,—,1009 hPa,94 %
2024-05-10,06,,29 °C,—,27 °C,0 mm,—,,4 km/h,—,1010 hPa,89 %
2024-05-10,07,,29 °C,—,27 °C,0 mm,—,,7 km/h,—,1010 hPa,89 %
2024-05-10,08,,32 °C,—,26.1 °C,0 mm,—,,13 km/h,—,1010 hPa,71 %
2024-05-10,09,,34 °C,—,23.1 °C,0 mm,—,,22 km/h,—,1011 hPa,53 %
2024-05-10,10,,35 °C,—,23 °C,0 mm,—,,15 km/h,—,1010 hPa,50 %
2024-05-10,11,,36 °C,—,21.1 °C,0 mm,—,,15 km/h,—,1010 hPa,42 %
2024-05-10,12,,36 °C,—,21.1 °C,0.4 mm,—,,13 km/h,—,1010 hPa,42 %
2024-05-10,13,,38 °C,—,22.1 °C,0 mm,—,,15 km/h,—,1008 hPa,40 %
2024-05-10,14,,38 °C,—,22.9 °C,0.8 mm,—,,19 km/h,—,1007 hPa,42 %
2024-05-10,15,,37 °C,—,22 °C,0.3 mm,—,,17 km/h,—,1007 hPa,42 %
2024-05-10,16,,34 °C,—,23.1 °C,0 mm,—,,19 km/h,—,1007 hPa,53 %
2024-05-10,17,,33 °C,—,23.9 °C,0.5 mm,—,,19 km/h,—,1007 hPa,59 %
2024-05-10,18,,32 °C,—,24.1 °C,0 mm,—,,19 km/h,—,1008 hPa,63 %
2024-05-10,19,,32 °C,—,26.1 °C,0 mm,—,,15 km/h,—,1009 hPa,71 %
2024-05-10,20,,31 °C,—,26 °C,0 mm,—,,20 km/h,—,1009 hPa,75 %
2024-05-10,21,,31 °C,—,26.9 °C,0 mm,—,,17 km/h,—,1010 hPa,79 %
2024-05-10,22,,31 °C,—,26.9 °C,0 mm,—,,11 km/h,—,1011 hPa,79 %
2024-05-10,23,,31 °C,—,26.9 °C,0 mm,—,,20 km/h,—,1010 hPa,79 %
2024-05-11,00,,30 °C,—,27 °C,0 mm,—,,13 km/h,—,1010 hPa,84 %
2024-05-11,01,,30 °C,—,27 °C,0 mm,—,,9 km/h,—,1010 hPa,84 %
2024-05-11,02,,30 °C,—,27 °C,0 mm,—,,11 km/h,—,1010 hPa,84 %
2024-05-11,03,,30 °C,—,26 °C,0 mm,—,,11 km/h,—,1009 hPa,79 %
2024-05-11,04,,30 °C,—,26 °C,0 mm,—,,17 km/h,—,1010 hPa,79 %
2024-05-11,05,,30 °C,—,26 °C,0 mm,—,,15 km/h,—,1011 hPa,79 %
2024-05-11,06,,30 °C,—,26 °C,0 mm,—,,9 km/h,—,1011 hPa,79 %
2024-05-11,07,,30 °C,—,26 °C,0 mm,—,,9 km/h,—,1012 hPa,79 %
2024-05-11,08,,33 °C,—,23.1 °C,0 mm,—,,17 km/h,—,1012 hPa,56 %
2024-05-11,09,,34 °C,—,23.1 °C,0 mm,—,,13 km/h,—,1012 hPa,53 %
2024-05-11,10,,35 °C,—,22 °C,0 mm,—,,9 km/h,—,1012 hPa,47 %
2024-05-11,11,,36 °C,—,21.8 °C,0 mm,—,,15 km/h,—,1011 hPa,44 %
2024-05-11,12,,36 °C,—,21.8 °C,3 mm,—,,11 km/h,—,1011 hPa,44 %
2024-05-11,13,,37 °C,—,22 °C,1.2 mm,—,,9 km/h,—,1009 hPa,42 %
2024-05-11,14,,36 °C,—,23.9 °C,0 mm,—,,17 km/h,—,1008 hPa,50 %
2024-05-11,15,,36 °C,—,22.9 °C,4.2 mm,—,,19 km/h,—,1008 hPa,47 %
2024-05-11,16,,33 °C,—,25 °C,0.5 mm,—,,11 km/h,—,1007 hPa,63 %
2024-05-11,17,,31 °C,—,25.1 °C,1.9 mm,—,,11 km/h,—,1008 hPa,71 %
2024-05-11,18,,32 °C,—,25.1 °C,0 mm,—,,11 km/h,—,1009 hPa,67 %
2024-05-11,19,,31 °C,—,26.9 °C,0 mm,—,,15 km/h,—,1009 hPa,79 %
2024-05-11,20,,31 °C,—,26.9 °C,0 mm,—,,15 km/h,—,1009 hPa,79 %
2024-05-11,21,,31 °C,—,26.9 °C,0 mm,—,,17 km/h,—,1011 hPa,79 %
2024-05-11,22,,31 °C,—,26.9 °C,0 mm,—,,13 km/h,—,1011 hPa,79 %
2024-05-11,23,,31 °C,—,26.9 °C,0 mm,—,,9 km/h,—,1011 hPa,79 %
2024-05-12,00,,31 °C,—,28 °C,0 mm,—,,11 km/h,—,1011 hPa,84 %
2024-05-12,01,,30 °C,—,28 °C,0 mm,—,,11 km/h,—,1010 hPa,89 %
2024-05-12,02,,30 °C,—,27 °C,0 mm,—,,9 km/h,—,1010 hPa,84 %
2024-05-12,03,,30 °C,—,27 °C,0 mm,—,,13 km/h,—,1010 hPa,84 %
2024-05-12,04,,30 °C,—,27 °C,0 mm,—,,13 km/h,—,1010 hPa,84 %
2024-05-12,05,,30 °C,—,28 °C,0 mm,—,,17 km/h,—,1010 hPa,89 %
2024-05-12,06,,30 °C,—,27 °C,0 mm,—,,13 km/h,—,1011 hPa,84 %
2024-05-12,07,,31 °C,—,26.9 °C,0 mm,—,,15 km/h,—,1011 hPa,79 %
2024-05-12,08,,32 °C,—,26.1 °C,0 mm,—,,15 km/h,—,1012 hPa,71 %
2024-05-12,09,,33 °C,—,25 °C,0 mm,—,,13 km/h,—,1012 hPa,63 %
2024-05-12,10,,34 °C,—,24 °C,0 mm,—,,11 km/h,—,1011 hPa,56 %
2024-05-12,11,,36 °C,—,22.9 °C,0 mm,—,,13 km/h,—,1010 hPa,47 %
2024-05-12,12,,36 °C,—,22.9 °C,0 mm,—,,9 km/h,—,1010 hPa,47 %
2024-05-12,13,,38 °C,—,22.1 °C,0.6 mm,—,,9 km/h,—,1008 hPa,40 %
2024-05-12,14,,35 °C,—,24.9 °C,0.1 mm,—,,20 km/h,—,1007 hPa,56 %
2024-05-12,15,,36 °C,—,24.9 °C,2.6 mm,—,,17 km/h,—,1006 hPa,53 %
2024-05-12,16,,34 °C,—,25.1 °C,0 mm,—,,17 km/h,—,1006 hPa,60 %
2024-05-12,17,,33 °C,—,26.1 °C,0.2 mm,—,,19 km/h,—,1006 hPa,67 %
2024-05-12,18,,32 °C,—,26.1 °C,0.3 mm,—,,11 km/h,—,1007 hPa,71 %
2024-05-12,19,,31 °C,—,26.9 °C,0.7 mm,—,,15 km/h,—,1008 hPa,79 %
2024-05-12,20,,31 °C,—,26.9 °C,0.1 mm,—,,15 km/h,—,1008 hPa,79 %
2024-05-12,21,,31 °C,—,26 °C,0 mm,—,,17 km/h,—,1009 hPa,75 %
2024-05-12,22,,31 °C,—,26 °C,0 mm,—,,13 km/h,—,1010 hPa,75 %
2024-05-12,23,,31 °C,—,26.9 °C,0 mm,—,,15 km/h,—,1010 hPa,79 %
2024-05-13,00,,31 °C,—,26.9 °C,0.4 mm,—,,11 km/h,—,1009 hPa,79 %
2024-05-13,01,,31 °C,—,26.9 °C,0 mm,—,,13 km/h,—,1008 hPa,79 %
2024-05-13,02,,30 °C,—,27 °C,0 mm,—,,11 km/h,—,1008 hPa,84 %
2024-05-13,03,,30 °C,—,28 °C,0 mm,—,,13 km/h,—,1008 hPa,89 %
2024-05-13,04,,30 °C,—,27 °C,0 mm,—,,11 km/h,—,1008 hPa,84 %
2024-05-13,05,,30 °C,—,27 °C,0 mm,—,,7 km/h,—,1009 hPa,84 %
2024-05-13,06,,30 °C,—,27 °C,0 mm,—,,17 km/h,—,1009 hPa,84 %
2024-05-13,07,,31 °C,—,26.9 °C,0 mm,—,,15 km/h,—,1009 hPa,79 %
2024-05-13,08,,33 °C,—,23.9 °C,0 mm,—,,13 km/h,—,1010 hPa,59 %
2024-05-13,09,,33 °C,—,25 °C,0 mm,—,,9 km/h,—,1011 hPa,63 %
2024-05-13,10,,34 °C,—,24 °C,0.1 mm,—,,9 km/h,—,1010 hPa,56 %
2024-05-13,11,,35 °C,—,23 °C,0 mm,—,,9 km/h,—,1009 hPa,50 %
2024-05-13,12,,36 °C,—,22.9 °C,0 mm,—,,9 km/h,—,1009 hPa,47 %
2024-05-13,13,,37 °C,—,23.1 °C,0 mm,—,,11 km/h,—,1007 hPa,45 %
2024-05-13,14,,36 °C,—,22.9 °C,0 mm,—,,11 km/h,—,1006 hPa,47 %
2024-05-13,15,,36 °C,—,22.9 °C,1.6 mm,—,,15 km/h,—,1006 hPa,47 %
2024-05-13,16,,34 °C,—,23.1 °C,0.4 mm,—,,19 km/h,—,1006 hPa,53 %
2024-05-13,17,,33 °C,—,23.9 °C,0 mm,—,,17 km/h,—,1007 hPa,59 %
2024-05-13,18,,29.8 °C,—,24.4 °C,0 mm,—,,9.3 km/h,—,1007.4 hPa,73 %
2024-05-13,19,,31 °C,—,26.9 °C,0.4 mm,—,,13 km/h,—,1009 hPa,79 %
2024-05-13,20,,31 °C,—,26 °C,1 mm,—,,13 km/h,—,1009 hPa,75 %
2024-05-13,21,,31 °C,—,26 °C,1.2 mm,—,,7 km/h,—,1010 hPa,75 %
2024-05-13,22,,29 °C,—,26 °C,0 mm,—,,11 km/h,—,1010 hPa,84 %
2024-05-13,23,,28 °C,—,26 °C,0.1 mm,—,,6 km/h,—,1010 hPa,89 %
2024-05-14,00,,28 °C,—,26.9 °C,0 mm,—,,7 km/h,—,1010 hPa,94 %
2024-05-14,01,,28 °C,—,26 °C,0 mm,—,,4 km/h,—,1009 hPa,89 %
2024-05-14,02,,28 °C,—,26 °C,0 mm,—,,4 km/h,—,1009 hPa,89 %
2024-05-14,03,,28 °C,—,26 °C,0 mm,—,,2 km/h,—,1009 hPa,89 %
2024-05-14,04,,28 °C,—,26 °C,0 mm,—,,2 km/h,—,1009 hPa,89 %
2024-05-14,05,,28 °C,—,26 °C,0 mm,—,,4 km/h,—,1009 hPa,89 %
2024-05-14,06,,28 °C,—,26 °C,0 mm,—,,7 km/h,—,1010 hPa,89 %
2024-05-14,07,,30 °C,—,26 °C,0 mm,—,,4 km/h,—,1010 hPa,79 %
2024-05-14,08,,31 °C,—,26 °C,0 mm,—,,2 km/h,—,1010 hPa,75 %
2024-05-14,09,,33 °C,—,23.9 °C,0 mm,—,,6 km/h,—,1010 hPa,59 %
2024-05-14,10,,34 °C,—,25.1 °C,0 mm,—,,6 km/h,—,1010 hPa,60 %
2024-05-14,11,,35 °C,—,24 °C,0 mm,—,,7 km/h,—,1009 hPa,53 %
2024-05-14,12,,35 °C,—,24 °C,0 mm,—,,6 km/h,—,1008 hPa,53 %
2024-05-14,13,,35 °C,—,24 °C,0 mm,—,,7 km/h,—,1008 hPa,53 %
2024-05-14,14,,36 °C,—,22.9 °C,0.1 mm,—,,6 km/h,—,1006 hPa,47 %
2024-05-14,15,,34 °C,—,24 °C,0.8 mm,—,,22 km/h,—,1007 hPa,56 %
2024-05-14,16,,31 °C,—,25.1 °C,0 mm,—,,22 km/h,—,1006 hPa,71 %
2024-05-14,17,,33 °C,—,26.1 °C,0 mm,—,,17 km/h,—,1007 hPa,67 %
2024-05-14,18,,32 °C,—,26.1 °C,0 mm,—,,11 km/h,—,1008 hPa,71 %
2024-05-14,19,,32 °C,—,26.1 °C,0 mm,—,,15 km/h,—,1009 hPa,71 %
2024-05-14,20,,31 °C,—,26 °C,0 mm,—,,17 km/h,—,1009 hPa,75 %
2024-05-14,21,,31 °C,—,26 °C,0 mm,—,,15 km/h,—,1009 hPa,75 %
2024-05-14,22,,31 °C,—,26 °C,0 mm,—,,15 km/h,—,1009 hPa,75 %
2024-05-14,23,,31 °C,—,26 °C,0 mm,—,,9 km/h,—,1009 hPa,75 %
2024-05-15,00,,31 °C,—,26 °C,0 mm,—,,9 km/h,—,1009 hPa,75 %
2024-05-15,01,,30 °C,—,26 °C,0 mm,—,,7 km/h,—,1008 hPa,79 %
2024-05-15,02,,30 °C,—,27 °C,0 mm,—,,13 km/h,—,1008 hPa,84 %
2024-05-15,03,,30 °C,—,27 °C,0 mm,—,,9 km/h,—,1008 hPa,84 %
2024-05-15,04,,30 °C,—,27 °C,0 mm,—,,4 km/h,—,1009 hPa,84 %
2024-05-15,05,,30 °C,—,27 °C,0 mm,—,,11 km/h,—,1009 hPa,84 %
2024-05-15,06,,31 °C,—,26.9 °C,0 mm,—,,13 km/h,—,1009 hPa,79 %
2024-05-15,07,,32 °C,—,26.1 °C,0 mm,—,,15 km/h,—,1011 hPa,71 %
2024-05-15,08,,33 °C,—,25 °C,0 mm,—,,19 km/h,—,1011 hPa,63 %
2024-05-15,09,,35 °C,—,24 °C,0 mm,—,,19 km/h,—,1011 hPa,53 %
2024-05-15,10,,36 °C,—,22.9 °C,0 mm,—,,19 km/h,—,1010 hPa,47 %
2024-05-15,11,,36 °C,—,22.9 °C,0.4 mm,—,,19 km/h,—,1009 hPa,47 %
2024-05-15,12,,38 °C,—,22.1 °C,2.6 mm,—,,13 km/h,—,1009 hPa,40 %
2024-05-15,13,,38 °C,—,21.2 °C,3.3 mm,—,,9 km/h,—,1008 hPa,38 %
2024-05-15,14,,36 °C,—,23.9 °C,1.2 mm,—,,22 km/h,—,1007 hPa,50 %
2024-05-15,15,,34 °C,—,25.1 °C,1.4 mm,—,,19 km/h,—,1007 hPa,60 %
2024-05-15,16,,33 °C,—,25 °C,1.7 mm,—,,24 km/h,—,1007 hPa,63 %
2024-05-15,17,,25 °C,—,24 °C,0 mm,—,,7 km/h,—,1011 hPa,94 %
2024-05-15,18,,24 °C,—,24 °C,0.1 mm,—,,2 km/h,—,1011 hPa,100 %
2024-05-15,19,,25 °C,—,25 °C,0.2 mm,—,,2 km/h,—,1011 hPa,100 %
2024-05-15,20,,26 °C,—,26 °C,0 mm,—,,7 km/h,—,1011 hPa,100 %
2024-05-15,21,,26 °C,—,26 °C,0 mm,—,,11 km/h,—,1011 hPa,100 %
2024-05-15,22,,27 °C,—,26 °C,0 mm,—,,7 km/h,—,1011 hPa,94 %
2024-05-15,23,,27 °C,—,26 °C,0 mm,—,,6 km/h,—,1011 hPa,94 %
2024-05-16,00,,27 °C,—,26 °C,0 mm,—,,6 km/h,—,1011 hPa,94 %
2024-05-16,01,,26 °C,—,26 °C,0 mm,—,,6 km/h,—,1009 hPa,100 %
2024-05-16,02,,26 °C,—,26 °C,0 mm,—,,6 km/h,—,1009 hPa,100 %
2024-05-16,03,,26 °C,—,26 °C,0 mm,—,,6 km/h,—,1009 hPa,100 %
2024-05-16,04,,26 °C,—,26 °C,0 mm,—,,4 km/h,—,1009 hPa,100 %
2024-05-16,05,,26 °C,—,26 °C,0 mm,—,,4 km/h,—,1009 hPa,100 %
2024-05-16,06,,27 °C,—,27 °C,0 mm,—,,2 km/h,—,1010 hPa,100 %
2024-05-16,07,,28 °C,—,26.9 °C,0 mm,—,,6 km/h,—,1010 hPa,94 %
2024-05-16,08,,29 °C,—,27.9 °C,0 mm,—,,7 km/h,—,1010 hPa,94 %
2024-05-16,09,,31 °C,—,26.9 °C,0 mm,—,,11 km/h,—,1010 hPa,79 %
2024-05-16,10,,33 °C,—,26.1 °C,0 mm,—,,11 km/h,—,1010 hPa,67 %
2024-05-16,11,,35 °C,—,24.9 °C,0 mm,—,,7 km/h,—,1009 hPa,56 %
2024-05-16,12,,35 °C,—,24 °C,0 mm,—,,11 km/h,—,1008 hPa,53 %
2024-05-16,13,,35 °C,—,24 °C,0 mm,—,,7 km/h,—,1007 hPa,53 %
2024-05-16,14,,26 °C,—,25 °C,1.4 mm,—,,24 km/h,—,1007 hPa,94 %
2024-05-16,15,,28 °C,—,26.9 °C,0.5 mm,—,,9 km/h,—,1007 hPa,94 %
2024-05-16,16,,29 °C,—,27 °C,2.2 mm,—,,9 km/h,—,1007 hPa,89 %
2024-05-16,17,,30 °C,—,28 °C,0.4 mm,—,,6 km/h,—,1007 hPa,89 %
2024-05-16,18,,30 °C,—,28.9 °C,0 mm,—,,11 km/h,—,1008 hPa,94 %
2024-05-16,19,,30 °C,—,28.9 °C,0 mm,—,,4 km/h,—,1009 hPa,94 %
2024-05-16,20,,29 °C,—,27.9 °C,0 mm,—,,4 km/h,—,1010 hPa,94 %
2024-05-16,21,,30 °C,—,28 °C,0 mm,—,,9 km/h,—,1010 hPa,89 %
2024-05-16,22,,30 °C,—,28 °C,0 mm,—,,6 km/h,—,1010 hPa,89 %
2024-05-16,23,,30 °C,—,28 °C,0 mm,—,,6 km/h,—,1010 hPa,89 %
2024-05-17,00,,30 °C,—,28 °C,0 mm,—,,4 km/h,—,1010 hPa,89 %
2024-05-17,01,,29 °C,—,27.9 °C,0.4 mm,—,,6 km/h,—,1009 hPa,94 %
2024-05-17,02,,29 °C,—,27.9 °C,4.4 mm,—,,6 km/h,—,1008 hPa,94 %
2024-05-17,03,,28 °C,—,28 °C,0.3 mm,—,,4 km/h,—,1008 hPa,100 %
2024-05-17,04,,28 °C,—,28 °C,0 mm,—,,4 km/h,—,1008 hPa,100 %
2024-05-17,05,,28 °C,—,28 °C,0 mm,—,,2 km/h,—,1008 hPa,100 %
2024-05-17,06,,29 °C,—,27.9 °C,0 mm,—,,4 km/h,—,1009 hPa,94 %
2024-05-17,07,,30 °C,—,28 °C,0 mm,—,,7 km/h,—,1010 hPa,89 %
2024-05-17,08,,31 °C,—,26.9 °C,0 mm,—,,11 km/h,—,1010 hPa,79 %
2024-05-17,09,,33 °C,—,27 °C,0 mm,—,,11 km/h,—,1010 hPa,71 %
2024-05-17,10,,33 °C,—,27 °C,0 mm,—,,9 km/h,—,1010 hPa,71 %
2024-05-17,11,,33 °C,—,26.1 °C,0 mm,—,,9 km/h,—,1009 hPa,67 %
2024-05-17,12,,33 °C,—,26.1 °C,0 mm,—,,15 km/h,—,1009 hPa,67 %
2024-05-17,13,,32 °C,—,26.1 °C,3.2 mm,—,,20 km/h,—,1008 hPa,71 %
2024-05-17,14,,32 °C,—,26.1 °C,0.6 mm,—,,13 km/h,—,1007 hPa,71 %
2024-05-17,15,,32 °C,—,25.1 °C,0.1 mm,—,,15 km/h,—,1006 hPa,67 %
2024-05-17,16,,32 °C,—,25.1 °C,0.6 mm,—,,19 km/h,—,1006 hPa,67 %
2024-05-17,17,,32 °C,—,26.1 °C,0 mm,—,,13 km/h,—,1007 hPa,71 %
2024-05-17,18,,31 °C,—,26.9 °C,0 mm,—,,7 km/h,—,1007 hPa,79 %
2024-05-17,19,,31 °C,—,26.9 °C,0 mm,—,,9 km/h,—,1008 hPa,79 %
2024-05-17,20,,31 °C,—,26.9 °C,0 mm,—,,7 km/h,—,1009 hPa,79 %
2024-05-17,21,,31 °C,—,26.9 °C,0 mm,—,,7 km/h,—,1010 hPa,79 %
2024-05-17,22,,30 °C,—,28 °C,0 mm,—,,7 km/h,—,1010 hPa,89 %
2024-05-17,23,,30 °C,—,27 °C,0 mm,—,,6 km/h,—,1010 hPa,84 %
2024-05-18,00,,30 °C,—,28 °C,0 mm,—,,6 km/h,—,1010 hPa,89 %
2024-05-18,01,,29 °C,—,27 °C,0 mm,—,,6 km/h,—,1009 hPa,89 %
2024-05-18,02,,29 °C,—,27 °C,0 mm,—,,2 km/h,—,1008 hPa,89 %
2024-05-18,03,,28 °C,—,28 °C,0 mm,—,,4 km/h,—,1008 hPa,100 %
2024-05-18,04,,28 °C,—,28 °C,0 mm,—,,4 km/h,—,1007 hPa,100 %
2024-05-18,05,,28 °C,—,26.9 °C,0 mm,—,,1.8 km/h,—,1007 hPa,94 %
2024-05-18,06,,29 °C,—,27.9 °C,0 mm,—,,4 km/h,—,1008 hPa,94 %
2024-05-18,07,,30 °C,—,28 °C,0 mm,—,,2 km/h,—,1008 hPa,89 %
2024-05-18,08,,31 °C,—,28 °C,0 mm,—,,4 km/h,—,1009 hPa,84 %
2024-05-18,09,,33 °C,—,26.1 °C,0 mm,—,,7 km/h,—,1009 hPa,67 %
2024-05-18,10,,33 °C,—,26.1 °C,0 mm,—,,7 km/h,—,1008 hPa,67 %
2024-05-18,11,,34 °C,—,25.1 °C,0 mm,—,,7 km/h,—,1007 hPa,60 %
2024-05-18,12,,35 °C,—,24 °C,0 mm,—,,7 km/h,—,1006 hPa,53 %
2024-05-18,13,,35 °C,—,22 °C,0 mm,—,,7 km/h,—,1006 hPa,47 %
2024-05-18,14,,34 °C,—,25.1 °C,0.5 mm,—,,9 km/h,—,1004 hPa,60 %
2024-05-18,15,,33 °C,—,26.1 °C,0 mm,—,,11 km/h,—,1003 hPa,67 %
2024-05-18,16,,34 °C,—,25.1 °C,0 mm,—,,9 km/h,—,1003 hPa,60 %
2024-05-18,17,,30 °C,—,28 °C,0 mm,—,,6 km/h,—,1004 hPa,89 %
2024-05-18,18,,30 °C,—,28 °C,0 mm,—,,4 km/h,—,1005 hPa,89 %
2024-05-18,19,,31 °C,—,26.9 °C,0 mm,—,,15 km/h,—,1006 hPa,79 %
2024-05-18,20,,31 °C,—,26.9 °C,0 mm,—,,11 km/h,—,1007 hPa,79 %
2024-05-18,21,,31 °C,—,26.9 °C,0.3 mm,—,,13 km/h,—,1007 hPa,79 %
2024-05-18,22,,30 °C,—,28 °C,0 mm,—,,7 km/h,—,1008 hPa,89 %
2024-05-18,23,,30 °C,—,28 °C,0 mm,—,,11 km/h,—,1008 hPa,89 %
2024-05-19,00,,30 °C,—,28 °C,0 mm,—,,15 km/h,—,1007 hPa,89 %
2024-05-19,01,,29 °C,—,27.9 °C,0 mm,—,,9 km/h,—,1006 hPa,94 %
2024-05-19,02,,28 °C,—,28 °C,0 mm,—,,4 km/h,—,1006 hPa,100 %
2024-05-19,03,,28 °C,—,28 °C,0 mm,—,,6 km/h,—,1006 hPa,100 %
2024-05-19,04,,28 °C,—,26.9 °C,0 mm,—,,6 km/h,—,1006 hPa,94 %
2024-05-19,05,,27 °C,—,27 °C,0 mm,—,,7 km/h,—,1006 hPa,100 %
2024-05-19,06,,28 °C,—,26.9 °C,0 mm,—,,9 km/h,—,1007 hPa,94 %
2024-05-19,07,,29 °C,—,27.9 °C,0 mm,—,,6 km/h,—,1008 hPa,94 %
2024-05-19,08,,29 °C,—,29 °C,0 mm,—,,6 km/h,—,1008 hPa,100 %
2024-05-19,09,,33 °C,—,27 °C,0 mm,—,,7 km/h,—,1008 hPa,71 %
2024-05-19,10,,33 °C,—,27 °C,0 mm,—,,13 km/h,—,1007 hPa,71 %
2024-05-19,11,,34 °C,—,26 °C,0 mm,—,,15 km/h,—,1007 hPa,63 %
2024-05-19,12,,34 °C,—,24 °C,0 mm,—,,15 km/h,—,1006 hPa,56 %
2024-05-19,13,,35 °C,—,24 °C,0 mm,—,,15 km/h,—,1005 hPa,53 %
2024-05-19,14,,34 °C,—,24 °C,0 mm,—,,13 km/h,—,1004 hPa,56 %
2024-05-19,15,,34 °C,—,24 °C,4.5 mm,—,,15 km/h,—,1003 hPa,56 %
2024-05-19,16,,34 °C,—,25.1 °C,1.4 mm,—,,17 km/h,—,1003 hPa,60 %
2024-05-19,17,,33 °C,—,26.1 °C,0.7 mm,—,,9 km/h,—,1003 hPa,67 %
2024-05-19,18,,32 °C,—,26.1 °C,0 mm,—,,7 km/h,—,1004 hPa,71 %
2024-05-19,19,,32 °C,—,28.1 °C,0 mm,—,,11 km/h,—,1004 hPa,80 %
2024-05-19,20,,31 °C,—,26 °C,0 mm,—,,15 km/h,—,1005 hPa,75 %
2024-05-19,21,,30 °C,—,27 °C,0 mm,—,,7 km/h,—,1006 hPa,84 %
2024-05-19,22,,30 °C,—,28 °C,0 mm,—,,7 km/h,—,1006 hPa,89 %
2024-05-19,23,,30 °C,—,28 °C,0.5 mm,—,,9 km/h,—,1007 hPa,89 %
2024-05-20,00,,30 °C,—,28 °C,0 mm,—,,7 km/h,—,1006 hPa,89 %
2024-05-20,01,,30 °C,—,28 °C,0 mm,—,,7 km/h,—,1005 hPa,89 %
2024-05-20,02,,30 °C,—,28 °C,0 mm,—,,9 km/h,—,1005 hPa,89 %
2024-05-20,03,,29 °C,—,27.9 °C,0 mm,—,,7 km/h,—,1005 hPa,94 %
2024-05-20,04,,29 °C,—,27.9 °C,0.1 mm,—,,2 km/h,—,1006 hPa,94 %
2024-05-20,05,,29 °C,—,27.9 °C,0 mm,—,,9 km/h,—,1006 hPa,94 %
2024-05-20,06,,27 °C,—,26 °C,0 mm,—,,19 km/h,—,1008 hPa,94 %
2024-05-20,07,,27 °C,—,26 °C,0 mm,—,,9 km/h,—,1008 hPa,94 %
2024-05-20,08,,27 °C,—,27 °C,0 mm,—,,9 km/h,—,1008 hPa,100 %
2024-05-20,09,,30 °C,—,28 °C,0.2 mm,—,,6 km/h,—,1008 hPa,89 %
2024-05-20,10,,32 °C,—,27 °C,0 mm,—,,7 km/h,—,1007 hPa,75 %
2024-05-20,11,,33 °C,—,27 °C,0.1 mm,—,,7 km/h,—,1007 hPa,71 %
2024-05-20,12,,34 °C,—,26 °C,0 mm,—,,9 km/h,—,1005 hPa,63 %
2024-05-20,13,,35 °C,—,24.9 °C,0 mm,—,,13 km/h,—,1005 hPa,56 %
2024-05-20,14,,36 °C,—,24.9 °C,4.2 mm,—,,13 km/h,—,1004 hPa,53 %
2024-05-20,15,,36 °C,—,24.9 °C,1.1 mm,—,,13 km/h,—,1003 hPa,53 %
2024-05-20,16,,36 °C,—,24.9 °C,0 mm,—,,13 km/h,—,1002 hPa,53 %
2024-05-20,17,,29 °C,—,27.9 °C,0 mm,—,,24 km/h,—,1003 hPa,94 %
2024-05-20,18,,29 °C,—,27.9 °C,0.4 mm,—,,11 km/h,—,1005 hPa,94 %
2024-05-20,19,,28 °C,—,26.9 °C,0 mm,—,,15 km/h,—,1006 hPa,94 %
2024-05-20,20,,28 °C,—,26.9 °C,0 mm,—,,15 km/h,—,1007 hPa,94 %
2024-05-20,21,,28 °C,—,26.9 °C,0.2 mm,—,,15 km/h,—,1007 hPa,94 %
2024-05-20,22,,27 °C,—,27 °C,0 mm,—,,11 km/h,—,1008 hPa,100 %
2024-05-20,23,,27 °C,—,26 °C,0 mm,—,,22 km/h,—,1009 hPa,94 %
2024-05-21,00,,26 °C,—,26 °C,2.1 mm,—,,24 km/h,—,1009 hPa,100 %
2024-05-21,01,,26 °C,—,25 °C,0.5 mm,—,,13 km/h,—,1007 hPa,94 %
2024-05-21,02,,26 °C,—,25 °C,0 mm,—,,4 km/h,—,1006 hPa,94 %
2024-05-21,03,,26 °C,—,26 °C,0 mm,—,,4 km/h,—,1007 hPa,100 %
2024-05-21,04,,26 °C,—,26 °C,0 mm,—,,4 km/h,—,1007 hPa,100 %
2024-05-21,05,,26 °C,—,26 °C,0 mm,—,,2 km/h,—,1007 hPa,100 %
2024-05-21,06,,26 °C,—,25 °C,0 mm,—,,24 km/h,—,1009 hPa,94 %
2024-05-21,07,,26 °C,—,25 °C,0 mm,—,,20 km/h,—,1009 hPa,94 %
2024-05-21,08,,26 °C,—,25 °C,1 mm,—,,13 km/h,—,1009 hPa,94 %
2024-05-21,09,,29 °C,—,26 °C,0 mm,—,,4 km/h,—,1009 hPa,84 %
2024-05-21,10,,32 °C,—,26.1 °C,3.1 mm,—,,2 km/h,—,1008 hPa,71 %
2024-05-21,11,,33 °C,—,25 °C,0 mm,—,,6 km/h,—,1008 hPa,63 %
2024-05-21,12,,33 °C,—,25 °C,0.2 mm,—,,11 km/h,—,1007 hPa,63 %
2024-05-21,13,,33 °C,—,25 °C,0.9 mm,—,,7 km/h,—,1007 hPa,63 %
2024-05-21,14,,34 °C,—,25.1 °C,2.1 mm,—,,11 km/h,—,1005 hPa,60 %
2024-05-21,15,,35 °C,—,24.9 °C,2.6 mm,—,,15 km/h,—,1005 hPa,56 %
2024-05-21,16,,35 °C,—,24 °C,4.7 mm,—,,13 km/h,—,1005 hPa,53 %
2024-05-21,17,,27 °C,—,26 °C,0.3 mm,—,,11 km/h,—,1006 hPa,94 %
2024-05-21,18,,28 °C,—,26.9 °C,0 mm,—,,4 km/h,—,1006 hPa,94 %
2024-05-21,19,,28 °C,—,26.9 °C,0 mm,—,,4 km/h,—,1007 hPa,94 %
2024-05-21,20,,28 °C,—,26.9 °C,0 mm,—,,7 km/h,—,1008 hPa,94 %
2024-05-21,21,,28 °C,—,26.9 °C,0.1 mm,—,,6 km/h,—,1008 hPa,94 %
2024-05-21,22,,28 °C,—,26.9 °C,0.2 mm,—,,2 km/h,—,1008 hPa,94 %
2024-05-21,23,,28 °C,—,26.9 °C,0 mm,—,,4 km/h,—,1009 hPa,94 %
2024-05-22,00,,28 °C,—,26.9 °C,0 mm,—,,2 km/h,—,1009 hPa,94 %
2024-05-22,01,,28 °C,—,26.9 °C,0 mm,—,,11 km/h,—,1008 hPa,94 %
2024-05-22,02,,28 °C,—,26.9 °C,0 mm,—,,4 km/h,—,1008 hPa,94 %
2024-05-22,03,,27 °C,—,27 °C,0 mm,—,,6 km/h,—,1008 hPa,100 %
2024-05-22,04,,28 °C,—,26.9 °C,0 mm,—,,4 km/h,—,1007 hPa,94 %
2024-05-22,05,,27 °C,—,27 °C,0 mm,—,,2 km/h,—,1008 hPa,100 %
2024-05-22,06,,28 °C,—,26.9 °C,0 mm,—,,2 km/h,—,1009 hPa,94 %
2024-05-22,07,,29 °C,—,27.9 °C,0 mm,—,,4 km/h,—,1009 hPa,94 %
2024-05-22,08,,30 °C,—,28 °C,0 mm,—,,6 km/h,—,1009 hPa,89 %
2024-05-22,09,,33 °C,—,27 °C,0 mm,—,,7 km/h,—,1009 hPa,71 %
2024-05-22,10,,33 °C,—,25 °C,0 mm,—,,4 km/h,—,1009 hPa,63 %
2024-05-22,11,,35 °C,—,24.9 °C,0 mm,—,,6 km/h,—,1008 hPa,56 %
2024-05-22,12,,35 °C,—,24 °C,0 mm,—,,7 km/h,—,1007 hPa,53 %
2024-05-22,13,,30 °C,—,27 °C,0 mm,—,,24 km/h,—,1007 hPa,84 %
2024-05-22,14,,30 °C,—,28 °C,0 mm,—,,7 km/h,—,1005 hPa,89 %
2024-05-22,15,,31 °C,—,28 °C,1.8 mm,—,,11 km/h,—,1005 hPa,84 %
2024-05-22,16,,31 °C,—,28 °C,0.7 mm,—,,7 km/h,—,1005 hPa,84 %
2024-05-22,17,,30 °C,—,26 °C,2.8 mm,—,,7 km/h,—,1006 hPa,79 %
2024-05-22,18,,30 °C,—,26 °C,0.4 mm,—,,6 km/h,—,1006 hPa,79 %
2024-05-22,19,,30 °C,—,27 °C,0 mm,—,,13 km/h,—,1007 hPa,84 %
2024-05-22,20,,30 °C,—,27 °C,0 mm,—,,9 km/h,—,1007 hPa,84 %
2024-05-22,21,,30 °C,—,27 °C,0 mm,—,,9 km/h,—,1008 hPa,84 %
2024-05-22,22,,30 °C,—,28 °C,0 mm,—,,9 km/h,—,1008 hPa,89 %
2024-05-22,23,,30 °C,—,28 °C,0 mm,—,,6 km/h,—,1008 hPa,89 %
2024-05-23,00,,30 °C,—,28 °C,0 mm,—,,7 km/h,—,1008 hPa,89 %
2024-05-23,01,,29 °C,—,27.9 °C,0 mm,—,,7 km/h,—,1008 hPa,94 %
2024-05-23,02,,28 °C,—,28 °C,0 mm,—,,6 km/h,—,1007 hPa,100 %
2024-05-23,03,,28 °C,—,26.9 °C,0 mm,—,,6 km/h,—,1007 hPa,94 %
2024-05-23,04,,28 °C,—,26.9 °C,0 mm,—,,2 km/h,—,1007 hPa,94 %
2024-05-23,05,,28 °C,—,26.9 °C,0 mm,—,,6 km/h,—,1007 hPa,94 %
2024-05-23,06,,29 °C,—,27.9 °C,0 mm,—,,7 km/h,—,1007 hPa,94 %
2024-05-23,07,,30 °C,—,28 °C,0 mm,—,,4 km/h,—,1008 hPa,89 %
2024-05-23,08,,31 °C,—,28 °C,0 mm,—,,2 km/h,—,1008 hPa,84 %
2024-05-23,09,,32 °C,—,27 °C,0 mm,—,,6 km/h,—,1009 hPa,75 %
2024-05-23,10,,33 °C,—,26.1 °C,0.1 mm,—,,7 km/h,—,1009 hPa,67 %
2024-05-23,11,,34 °C,—,27 °C,0.6 mm,—,,9 km/h,—,1008 hPa,67 %
2024-05-23,12,,29 °C,—,25 °C,8.3 mm,—,,11 km/h,—,1008 hPa,79 %
2024-05-23,13,,28 °C,—,26.9 °C,2.8 mm,—,,11 km/h,—,1007 hPa,94 %
2024-05-23,14,,28 °C,—,26.9 °C,0.9 mm,—,,11 km/h,—,1006 hPa,94 %
2024-05-23,15,,29 °C,—,27 °C,0.1 mm,—,,2 km/h,—,1005 hPa,89 %
2024-05-23,16,,29 °C,—,27 °C,0 mm,—,,4 km/h,—,1005 hPa,89 %
2024-05-23,17,,29 °C,—,27 °C,0.5 mm,—,,4 km/h,—,1006 hPa,89 %
2024-05-23,18,,28 °C,—,26.9 °C,0.1 mm,—,,7 km/h,—,1007 hPa,94 %
2024-05-23,19,,28 °C,—,26.9 °C,0.2 mm,—,,4 km/h,—,1008 hPa,94 %
2024-05-23,20,,29 °C,—,27 °C,0 mm,—,,4 km/h,—,1008 hPa,89 %
2024-05-23,21,,29 °C,—,27 °C,0 mm,—,,6 km/h,—,1009 hPa,89 %
2024-05-23,22,,28 °C,—,26.9 °C,0 mm,—,,2 km/h,—,1009 hPa,94 %
2024-05-23,23,,28 °C,—,26.9 °C,0 mm,—,,6 km/h,—,1009 hPa,94 %
2024-05-24,00,,28 °C,—,26.9 °C,0 mm,—,,4 km/h,—,1009 hPa,94 %
2024-05-24,01,,28 °C,—,26.9 °C,0 mm,—,,3.7 km/h,—,1008 hPa,94 %
2024-05-24,02,,27 °C,—,27 °C,0 mm,—,,2 km/h,—,1007 hPa,100 %
2024-05-24,03,,27 °C,—,27 °C,0 mm,—,,2 km/h,—,1007 hPa,100 %
2024-05-24,04,,27 °C,—,27 °C,0 mm,—,,4 km/h,—,1007 hPa,100 %
2024-05-24,05,,27 °C,—,27 °C,0 mm,—,,4 km/h,—,1007 hPa,100 %
2024-05-24,06,,28 °C,—,28 °C,0 mm,—,,4 km/h,—,1008 hPa,100 %
2024-05-24,07,,30 °C,—,28 °C,0 mm,—,,4 km/h,—,1009 hPa,89 %
2024-05-24,08,,30 °C,—,28.9 °C,0 mm,—,,4 km/h,—,1009 hPa,94 %
2024-05-24,09,,32 °C,—,26.1 °C,0 mm,—,,2 km/h,—,1009 hPa,71 %
2024-05-24,10,,34 °C,—,25.1 °C,0 mm,—,,2 km/h,—,1008 hPa,60 %
2024-05-24,11,,35 °C,—,24 °C,0 mm,—,,4 km/h,—,1008 hPa,53 %
2024-05-24,12,,36 °C,—,23.9 °C,0 mm,—,,7 km/h,—,1007 hPa,50 %
2024-05-24,13,,36 °C,—,23.9 °C,0 mm,—,,7 km/h,—,1007 hPa,50 %
2024-05-24,14,,36 °C,—,23.9 °C,0 mm,—,,9 km/h,—,1005 hPa,50 %
2024-05-24,15,,35 °C,—,24 °C,0 mm,—,,9 km/h,—,1005 hPa,53 %
2024-05-24,16,,35 °C,—,24.9 °C,0 mm,—,,11 km/h,—,1004 hPa,56 %
2024-05-24,17,,31 °C,—,26 °C,0 mm,—,,15 km/h,—,1006 hPa,75 %
2024-05-24,18,,30 °C,—,28 °C,0 mm,—,,2 km/h,—,1006 hPa,89 %
2024-05-24,19,,31 °C,—,26.9 °C,0 mm,—,,7 km/h,—,1007 hPa,79 %
2024-05-24,20,,31 °C,—,26.9 °C,0 mm,—,,7 km/h,—,1008 hPa,79 %
2024-05-24,21,,31 °C,—,26.9 °C,0 mm,—,,9 km/h,—,1008 hPa,79 %
2024-05-24,22,,31 °C,—,28 °C,0 mm,—,,11 km/h,—,1009 hPa,84 %
2024-05-24,23,,30 °C,—,28 °C,0 mm,—,,11 km/h,—,1009 hPa,89 %
2024-05-25,00,,30 °C,—,28 °C,0 mm,—,,11 km/h,—,1009 hPa,89 %
2024-05-25,01,,30 °C,—,28 °C,0 mm,—,,7 km/h,—,1008 hPa,89 %
2024-05-25,02,,30 °C,—,28 °C,0 mm,—,,7 km/h,—,1008 hPa,89 %
2024-05-25,03,,30 °C,—,28 °C,0 mm,—,,6 km/h,—,1008 hPa,89 %
2024-05-25,04,,30 °C,—,28 °C,0 mm,—,,2 km/h,—,1008 hPa,89 %
2024-05-25,05,,30 °C,—,28 °C,0 mm,—,,4 km/h,—,1008 hPa,89 %
2024-05-25,06,,31 °C,—,28 °C,0 mm,—,,4 km/h,—,1009 hPa,84 %
2024-05-25,07,,31 °C,—,28 °C,0 mm,—,,9 km/h,—,1009 hPa,84 %
2024-05-25,08,,32 °C,—,28.1 °C,0 mm,—,,9 km/h,—,1009 hPa,80 %
2024-05-25,09,,33 °C,—,26.1 °C,0 mm,—,,9 km/h,—,1010 hPa,67 %
2024-05-25,10,,34 °C,—,25.1 °C,0 mm,—,,9 km/h,—,1009 hPa,60 %
2024-05-25,11,,35 °C,—,24.9 °C,0 mm,—,,13 km/h,—,1008 hPa,56 %
2024-05-25,12,,35 °C,—,24 °C,0.2 mm,—,,9 km/h,—,1008 hPa,53 %
2024-05-25,13,,36 °C,—,23.9 °C,1.2 mm,—,,7 km/h,—,1008 hPa,50 %
2024-05-25,14,,35 °C,—,24.9 °C,0.1 mm,—,,15 km/h,—,1006 hPa,56 %
2024-05-25,15,,36 °C,—,24.9 °C,0.4 mm,—,,15 km/h,—,1005 hPa,53 %
2024-05-25,16,,35 °C,—,24 °C,0 mm,—,,17 km/h,—,1005 hPa,53 %
2024-05-25,17,,34 °C,—,24 °C,0 mm,—,,15 km/h,—,1005 hPa,56 %
2024-05-25,18,,32 °C,—,26.1 °C,0 mm,—,,17 km/h,—,1006 hPa,71 %
2024-05-25,19,,32 °C,—,28.1 °C,0 mm,—,,13 km/h,—,1007 hPa,80 %
2024-05-25,20,,31 °C,—,28 °C,0 mm,—,,13 km/h,—,1008 hPa,84 %
2024-05-25,21,,31 °C,—,28 °C,0 mm,—,,15 km/h,—,1009 hPa,84 %
2024-05-25,22,,31 °C,—,28 °C,0.2 mm,—,,13 km/h,—,1010 hPa,84 %
2024-05-25,23,,31 °C,—,28 °C,0.5 mm,—,,9 km/h,—,1010 hPa,84 %
2024-05-26,00,,31 °C,—,28 °C,0.9 mm,—,,6 km/h,—,1010 hPa,84 %
2024-05-26,01,,31 °C,—,28 °C,0 mm,—,,9 km/h,—,1009 hPa,84 %
2024-05-26,02,,30 °C,—,27 °C,0 mm,—,,7 km/h,—,1009 hPa,84 %
2024-05-26,03,,28 °C,—,26 °C,0 mm,—,,9 km/h,—,1009 hPa,89 %
2024-05-26,04,,26 °C,—,26 °C,0 mm,—,,19 km/h,—,1009 hPa,100 %
2024-05-26,05,,27 °C,—,26 °C,0 mm,—,,7 km/h,—,1009 hPa,94 %
2024-05-26,06,,27 °C,—,26 °C,0 mm,—,,2 km/h,—,1009 hPa,94 %
2024-05-26,07,,29 °C,—,27.9 °C,0 mm,—,,4 km/h,—,1011 hPa,94 %
2024-05-26,08,,30 °C,—,28 °C,0 mm,—,,6 km/h,—,1011 hPa,89 %
2024-05-26,09,,31 °C,—,28 °C,0 mm,—,,2 km/h,—,1011 hPa,84 %
2024-05-26,10,,33 °C,—,27 °C,0 mm,—,,2 km/h,—,1010 hPa,71 %
2024-05-26,11,,34 °C,—,27 °C,0 mm,—,,2 km/h,—,1009 hPa,67 %
2024-05-26,12,,35 °C,—,24.9 °C,0 mm,—,,2 km/h,—,1009 hPa,56 %
2024-05-26,13,,35 °C,—,24 °C,0 mm,—,,2 km/h,—,1008 hPa,53 %
2024-05-26,14,,32 °C,—,26.1 °C,0 mm,—,,2 km/h,—,1007 hPa,71 %
2024-05-26,15,,29 °C,—,26 °C,0.3 mm,—,,15 km/h,—,1007 hPa,84 %
2024-05-26,16,,31 °C,—,26 °C,0.3 mm,—,,13 km/h,—,1007 hPa,75 %
2024-05-26,17,,32 °C,—,26.1 °C,0.4 mm,—,,13 km/h,—,1006 hPa,71 %
2024-05-26,18,,31 °C,—,26 °C,0.2 mm,—,,9 km/h,—,1007 hPa,75 %
2024-05-26,19,,31 °C,—,26 °C,0.5 mm,—,,13 km/h,—,1007 hPa,75 %
2024-05-26,20,,31 °C,—,26 °C,0 mm,—,,11 km/h,—,1008 hPa,75 %
2024-05-26,21,,30 °C,—,26 °C,0 mm,—,,11 km/h,—,1009 hPa,79 %
2024-05-26,22,,30 °C,—,26 °C,0 mm,—,,7 km/h,—,1009 hPa,79 %
2024-05-26,23,,30 °C,—,27 °C,0 mm,—,,7 km/h,—,1009 hPa,84 %
2024-05-27,00,,30 °C,—,27 °C,0 mm,—,,11 km/h,—,1008 hPa,84 %
2024-05-27,01,,30 °C,—,28 °C,0 mm,—,,13 km/h,—,1008 hPa,89 %
2024-05-27,02,,29 °C,—,27.9 °C,0 mm,—,,11 km/h,—,1008 hPa,94 %
2024-05-27,03,,29 °C,—,27.9 °C,0 mm,—,,11 km/h,—,1007 hPa,94 %
2024-05-27,04,,29 °C,—,27.9 °C,0 mm,—,,9 km/h,—,1008 hPa,94 %
2024-05-27,05,,29 °C,—,27.9 °C,0 mm,—,,9 km/h,—,1008 hPa,94 %
2024-05-27,06,,29 °C,—,27.9 °C,0 mm,—,,7 km/h,—,1008 hPa,94 %
2024-05-27,07,,31 °C,—,29 °C,0 mm,—,,11 km/h,—,1009 hPa,89 %
2024-05-27,08,,32 °C,—,29 °C,0 mm,—,,13 km/h,—,1009 hPa,84 %
2024-05-27,09,,33 °C,—,28 °C,0 mm,—,,11 km/h,—,1009 hPa,75 %
2024-05-27,10,,34 °C,—,27 °C,0 mm,—,,7 km/h,—,1008 hPa,67 %
2024-05-27,11,,36 °C,—,24.9 °C,0 mm,—,,7 km/h,—,1008 hPa,53 %
2024-05-27,12,,36 °C,—,23.9 °C,0 mm,—,,9 km/h,—,1007 hPa,50 %
2024-05-27,13,,36 °C,—,23.9 °C,0 mm,—,,6 km/h,—,1006 hPa,50 %
2024-05-27,14,,37 °C,—,24.9 °C,0 mm,—,,9 km/h,—,1005 hPa,50 %
2024-05-27,15,,37 °C,—,24.2 °C,0 mm,—,,13 km/h,—,1004 hPa,48 %
2024-05-27,16,,36 °C,—,24.9 °C,0.7 mm,—,,17 km/h,—,1004 hPa,53 %
2024-05-27,17,,35 °C,—,26.1 °C,0.8 mm,—,,19 km/h,—,1004 hPa,60 %
2024-05-27,18,,31 °C,—,26.9 °C,0.4 mm,—,,15 km/h,—,1006 hPa,79 %
2024-05-27,19,,29 °C,—,27.9 °C,0 mm,—,,11 km/h,—,1007 hPa,94 %
2024-05-27,20,,29 °C,—,27 °C,0 mm,—,,6 km/h,—,1007 hPa,89 %
2024-05-27,21,,29 °C,—,27 °C,0 mm,—,,17 km/h,—,1007 hPa,89 %
2024-05-27,22,,29 °C,—,27 °C,0 mm,—,,11 km/h,—,1008 hPa,89 %
2024-05-27,23,,27.8 °C,—,25.6 °C,0 mm,—,,5.5 km/h,—,1008.3 hPa,88 %
2024-05-28,00,,29 °C,—,27 °C,0 mm,—,,15 km/h,—,1008 hPa,89 %
2024-05-28,01,,29 °C,—,27.9 °C,2.6 mm,—,,15 km/h,—,1007 hPa,94 %
2024-05-28,02,,26.9 °C,—,25.7 °C,7.8 mm,—,,3.7 km/h,—,1007.8 hPa,93 %
2024-05-28,03,,29 °C,—,27.9 °C,5.5 mm,—,,9 km/h,—,1007 hPa,94 %
2024-05-28,04,,29 °C,—,27.9 °C,10.1 mm,—,,13 km/h,—,1007 hPa,94 %
2024-05-28,05,,29 °C,—,27.9 °C,0.9 mm,—,,13 km/h,—,1007 hPa,94 %
2024-05-28,06,,29 °C,—,27.9 °C,6 mm,—,,11 km/h,—,1008 hPa,94 %
2024-05-28,07,,27.2 °C,—,26.1 °C,0.2 mm,—,,3.7 km/h,—,1008.2 hPa,94 %
2024-05-28,08,,30 °C,—,28 °C,0.3 mm,—,,13 km/h,—,1008 hPa,89 %
2024-05-28,09,,31 °C,—,28 °C,0.1 mm,—,,7 km/h,—,1009 hPa,84 %
2024-05-28,10,,32 °C,—,26.1 °C,0 mm,—,,4 km/h,—,1009 hPa,71 %
2024-05-28,11,,32 °C,—,27 °C,0 mm,—,,4 km/h,—,1009 hPa,75 %
2024-05-28,12,,31 °C,—,28 °C,0 mm,—,,11 km/h,—,1007 hPa,84 %
2024-05-28,13,,32 °C,—,27 °C,0.1 mm,—,,13 km/h,—,1006 hPa,75 %
2024-05-28,14,,32 °C,—,27 °C,0.7 mm,—,,6 km/h,—,1006 hPa,75 %
2024-05-28,15,,32 °C,—,27 °C,1.6 mm,—,,2 km/h,—,1005 hPa,75 %
2024-05-28,16,,30 °C,—,28 °C,0.9 mm,—,,4 km/h,—,1005 hPa,89 %
2024-05-28,17,,31 °C,—,28 °C,2.3 mm,—,,4 km/h,—,1006 hPa,84 %
2024-05-28,18,,30 °C,—,28 °C,0 mm,—,,6 km/h,—,1006 hPa,89 %
2024-05-28,19,,30 °C,—,28 °C,0 mm,—,,13 km/h,—,1007 hPa,89 %
2024-05-28,20,,29 °C,—,27.9 °C,0 mm,—,,11 km/h,—,1007 hPa,94 %
2024-05-28,21,,29 °C,—,27 °C,0 mm,—,,7 km/h,—,1008 hPa,89 %
2024-05-28,22,,29 °C,—,27.9 °C,0 mm,—,,7 km/h,—,1008 hPa,94 %
2024-05-28,23,,29 °C,—,27.9 °C,0 mm,—,,9 km/h,—,1008 hPa,94 %
2024-05-29,00,,29 °C,—,27.9 °C,0 mm,—,,9 km/h,—,1007 hPa,94 %
2024-05-29,01,,28 °C,—,28 °C,0 mm,—,,13 km/h,—,1007 hPa,100 %
2024-05-29,02,,28 °C,—,28 °C,0 mm,—,,13 km/h,—,1007 hPa,100 %
2024-05-29,03,,28 °C,—,28 °C,0 mm,—,,9 km/h,—,1006 hPa,100 %
2024-05-29,04,,28 °C,—,26.9 °C,0 mm,—,,6 km/h,—,1006 hPa,94 %
2024-05-29,05,,28 °C,—,28 °C,0 mm,—,,11 km/h,—,1007 hPa,100 %
2024-05-29,06,,29 °C,—,27.9 °C,0 mm,—,,7 km/h,—,1007 hPa,94 %
2024-05-29,07,,29 °C,—,27.9 °C,0 mm,—,,11 km/h,—,1007 hPa,94 %
2024-05-29,08,,31 °C,—,28 °C,0 mm,—,,15 km/h,—,1008 hPa,84 %
2024-05-29,09,,32 °C,—,27 °C,0 mm,—,,9 km/h,—,1008 hPa,75 %
2024-05-29,10,,33 °C,—,26.1 °C,0 mm,—,,11 km/h,—,1008 hPa,67 %
2024-05-29,11,,34 °C,—,26 °C,0 mm,—,,11 km/h,—,1007 hPa,63 %
2024-05-29,12,,34 °C,—,25.1 °C,0 mm,—,,13 km/h,—,1007 hPa,60 %
2024-05-29,13,,34 °C,—,26 °C,0 mm,—,,13 km/h,—,1006 hPa,63 %
2024-05-29,14,,34 °C,—,26 °C,0 mm,—,,11 km/h,—,1005 hPa,63 %
2024-05-29,15,,33 °C,—,25 °C,0.7 mm,—,,13 km/h,—,1005 hPa,63 %
2024-05-29,16,,33 °C,—,26.1 °C,0.6 mm,—,,11 km/h,—,1005 hPa,67 %
2024-05-29,17,,32 °C,—,26.1 °C,1.2 mm,—,,9 km/h,—,1005 hPa,71 %
2024-05-29,18,,31 °C,—,26 °C,4.9 mm,—,,6 km/h,—,1006 hPa,75 %
2024-05-29,19,,31 °C,—,26 °C,0.2 mm,—,,6 km/h,—,1006 hPa,75 %
2024-05-29,20,,30 °C,—,27 °C,0 mm,—,,13 km/h,—,1007 hPa,84 %
2024-05-29,21,,29 °C,—,26 °C,0 mm,—,,11 km/h,—,1007 hPa,84 %
2024-05-29,22,,29 °C,—,26 °C,0 mm,—,,9 km/h,—,1007 hPa,84 %
2024-05-29,23,,29 °C,—,27 °C,0 mm,—,,7 km/h,—,1007 hPa,89 %
2024-05-30,00,,28 °C,—,26 °C,0 mm,—,,7 km/h,—,1007 hPa,89 %
2024-05-30,01,,26.7 °C,—,25.7 °C,0 mm,—,,3.7 km/h,—,1007 hPa,94 %
2024-05-30,02,,26.5 °C,—,25.5 °C,0 mm,—,,3.7 km/h,—,1006.6 hPa,94 %
2024-05-30,03,,26.4 °C,—,25.5 °C,0 mm,—,,3.7 km/h,—,1006.2 hPa,95 %
2024-05-30,04,,28 °C,—,26.9 °C,0 mm,—,,6 km/h,—,1007 hPa,94 %
2024-05-30,05,,26.6 °C,—,25.7 °C,0 mm,—,,3.7 km/h,—,1006.3 hPa,95 %
2024-05-30,06,,26.7 °C,—,25.8 °C,0 mm,—,,3.7 km/h,—,1006.6 hPa,95 %
2024-05-30,07,,26.8 °C,—,25.9 °C,0 mm,—,,3.7 km/h,—,1006.9 hPa,95 %
2024-05-30,08,,31 °C,—,28 °C,0 mm,—,,11 km/h,—,1008 hPa,84 %
2024-05-30,09,,29.2 °C,—,25.4 °C,0 mm,—,,9.3 km/h,—,1007.7 hPa,80 %
2024-05-30,10,,34 °C,—,27 °C,0 mm,—,,19 km/h,—,1008 hPa,67 %
2024-05-30,11,,31 °C,—,24.9 °C,0 mm,—,,13 km/h,—,1007.6 hPa,70 %
2024-05-30,12,,33 °C,—,25 °C,10.2 mm,—,,24 km/h,—,1006 hPa,63 %
2024-05-30,13,,33 °C,—,26.1 °C,1.4 mm,—,,22 km/h,—,1005 hPa,67 %
2024-05-30,14,,30 °C,—,26 °C,1.2 mm,—,,33 km/h,—,1005 hPa,79 %
2024-05-30,15,,30.5 °C,—,24.6 °C,0.4 mm,—,,13 km/h,—,1005.9 hPa,71 %
2024-05-30,16,,28 °C,—,26.9 °C,0.2 mm,—,,7 km/h,—,1006 hPa,94 %
2024-05-30,17,,28.6 °C,—,25 °C,1.4 mm,—,,9.3 km/h,—,1006.1 hPa,81 %
2024-05-30,18,,28 °C,—,25 °C,1.1 mm,—,,7.4 km/h,—,1006.7 hPa,84 %
2024-05-30,19,,28 °C,—,26.9 °C,0.4 mm,—,,7 km/h,—,1009 hPa,94 %
2024-05-30,20,,27 °C,—,25.2 °C,0.6 mm,—,,5.5 km/h,—,1007.9 hPa,90 %
2024-05-30,21,,28 °C,—,26.9 °C,1.6 mm,—,,4 km/h,—,1010 hPa,94 %
2024-05-30,22,,28 °C,—,26.9 °C,0.8 mm,—,,6 km/h,—,1009 hPa,94 %
2024-05-30,23,,28 °C,—,26.9 °C,0.3 mm,—,,11 km/h,—,1009 hPa,94 %
2024-05-31,00,,28 °C,—,26.9 °C,0.2 mm,—,,15 km/h,—,1008 hPa,94 %
2024-05-31,01,,26 °C,—,25.1 °C,0.4 mm,—,,3.7 km/h,—,1007.9 hPa,95 %
2024-05-31,02,,28 °C,—,26.9 °C,0.1 mm,—,,6 km/h,—,1007 hPa,94 %
2024-05-31,03,,27 °C,—,27 °C,0 mm,—,,2 km/h,—,1007 hPa,100 %
2024-05-31,04,,27 °C,—,27 °C,0 mm,—,,2 km/h,—,1007 hPa,100 %
2024-05-31,05,,27 °C,—,27 °C,0 mm,—,,2 km/h,—,1007 hPa,100 %
2024-05-31,06,,28 °C,—,26.9 °C,0 mm,—,,2 km/h,—,1008 hPa,94 %
2024-05-31,07,,29 °C,—,27.9 °C,0 mm,—,,9 km/h,—,1009 hPa,94 %
2024-05-31,08,,30 °C,—,28 °C,0 mm,—,,17 km/h,—,1009 hPa,89 %
2024-05-31,09,,31 °C,—,26.9 °C,0.2 mm,—,,13 km/h,—,1009 hPa,79 %
2024-05-31,10,,33 °C,—,27 °C,0.2 mm,—,,7 km/h,—,1009 hPa,71 %
2024-05-31,11,,34 °C,—,23.1 °C,0 mm,—,,15 km/h,—,1008 hPa,53 %
2024-05-31,12,,34 °C,—,24 °C,0 mm,—,,19 km/h,—,1008 hPa,56 %
2024-05-31,13,,34 °C,—,24 °C,0.4 mm,—,,13 km/h,—,1007 hPa,56 %
2024-05-31,14,,26 °C,—,26 °C,3.7 mm,—,,35 km/h,—,1008 hPa,100 %
2024-05-31,15,,26 °C,—,26 °C,0.2 mm,—,,24 km/h,—,1008 hPa,100 %
2024-05-31,16,,26 °C,—,26 °C,0 mm,—,,17 km/h,—,1008 hPa,100 %
2024-05-31,17,,26 °C,—,25 °C,0 mm,—,,17 km/h,—,1008 hPa,94 %
2024-05-31,18,,26 °C,—,25 °C,0.8 mm,—,,2 km/h,—,1008 hPa,94 %
2024-05-31,19,,26 °C,—,25 °C,2.2 mm,—,,2 km/h,—,1009 hPa,94 %
2024-05-31,20,,26 °C,—,25 °C,0 mm,—,,4 km/h,—,1011 hPa,94 %
2024-05-31,21,,26 °C,—,26 °C,0 mm,—,,2 km/h,—,1011 hPa,100 %
2024-05-31,22,,26 °C,—,26 °C,0 mm,—,,2 km/h,—,1011 hPa,100 %
2024-05-31,23,,27 °C,—,26 °C,0 mm,—,,4 km/h,—,1011 hPa,94 %
2024-06-01,00,,27 °C,—,26 °C,0 mm,—,,4 km/h,—,1010 hPa,94 %
2024-06-01,01,,27 °C,—,26 °C,0 mm,—,,2 km/h,—,1010 hPa,94 %
2024-06-01,02,,27 °C,—,26 °C,0 mm,—,,2 km/h,—,1009 hPa,94 %
2024-06-01,03,,26 °C,—,26 °C,0 mm,—,,4 km/h,—,1009 hPa,100 %
2024-06-01,04,,26 °C,—,26 °C,0 mm,—,,2 km/h,—,1009 hPa,100 %
2024-06-01,05,,26 °C,—,26 °C,0 mm,—,,2 km/h,—,1009 hPa,100 %
2024-06-01,06,,27 °C,—,27 °C,0 mm,—,,6 km/h,—,1010 hPa,100 %
2024-06-01,07,,29 °C,—,27.9 °C,0 mm,—,,2 km/h,—,1011 hPa,94 %
2024-06-01,08,,30 °C,—,27 °C,0 mm,—,,4 km/h,—,1012 hPa,84 %
2024-06-01,09,,31 °C,—,26 °C,0 mm,—,,9 km/h,—,1012 hPa,75 %
2024-06-01,10,,33 °C,—,25 °C,0.3 mm,—,,11 km/h,—,1011 hPa,63 %
2024-06-01,11,,33 °C,—,25 °C,0.2 mm,—,,9 km/h,—,1011 hPa,63 %
2024-06-01,12,,33 °C,—,25 °C,0.1 mm,—,,7 km/h,—,1010 hPa,63 %
2024-06-01,13,,34 °C,—,26 °C,0 mm,—,,11 km/h,—,1010 hPa,63 %
2024-06-01,14,,35 °C,—,24 °C,0 mm,—,,7 km/h,—,1009 hPa,53 %
2024-06-01,15,,35 °C,—,24 °C,0.1 mm,—,,11 km/h,—,1008 hPa,53 %
2024-06-01,16,,33 °C,—,26.1 °C,1.2 mm,—,,15 km/h,—,1009 hPa,67 %
2024-06-01,17,,32 °C,—,26.1 °C,5.4 mm,—,,13 km/h,—,1009 hPa,71 %
2024-06-01,18,,29 °C,—,26 °C,1 mm,—,,24 km/h,—,1010 hPa,84 %
2024-06-01,19,,27 °C,—,27 °C,0.7 mm,—,,9 km/h,—,1011 hPa,100 %
2024-06-01,20,,27 °C,—,27 °C,2.3 mm,—,,2 km/h,—,1012 hPa,100 %
2024-06-01,21,,27 °C,—,27 °C,0.1 mm,—,,4 km/h,—,1012 hPa,100 %
2024-06-01,22,,28 °C,—,26 °C,0 mm,—,,4 km/h,—,1012 hPa,89 %
2024-06-01,23,,28 °C,—,26.9 °C,0 mm,—,,4 km/h,—,1012 hPa,94 %
2024-06-02,00,,27 °C,—,27 °C,0 mm,—,,4 km/h,—,1012 hPa,100 %
2024-06-02,01,,27 °C,—,27 °C,0 mm,—,,2 km/h,—,1011 hPa,100 %
2024-06-02,02,,27 °C,—,27 °C,0 mm,—,,6 km/h,—,1010 hPa,100 %
2024-06-02,03,,27 °C,—,27 °C,0 mm,—,,2 km/h,—,1010 hPa,100 %
2024-06-02,04,,27 °C,—,27 °C,0 mm,—,,4 km/h,—,1011 hPa,100 %
2024-06-02,05,,27 °C,—,27 °C,0 mm,—,,4 km/h,—,1011 hPa,100 %
2024-06-02,06,,27 °C,—,27 °C,0 mm,—,,2 km/h,—,1011 hPa,100 %
2024-06-02,07,,28 °C,—,28 °C,0 mm,—,,6 km/h,—,1012 hPa,100 %
2024-06-02,08,,29 °C,—,27.9 °C,0 mm,—,,7 km/h,—,1012 hPa,94 %
2024-06-02,09,,30 °C,—,28 °C,0 mm,—,,13 km/h,—,1012 hPa,89 %
2024-06-02,10,,31 °C,—,26.9 °C,0 mm,—,,13 km/h,—,1011 hPa,79 %
2024-06-02,11,,32 °C,—,27 °C,0 mm,—,,13 km/h,—,1011 hPa,75 %
2024-06-02,12,,33 °C,—,26.1 °C,0 mm,—,,13 km/h,—,1010 hPa,67 %
2024-06-02,13,,33 °C,—,26.1 °C,0 mm,—,,13 km/h,—,1010 hPa,67 %
2024-06-02,14,,34 °C,—,26 °C,0 mm,—,,11 km/h,—,1009 hPa,63 %
2024-06-02,15,,34 °C,—,25.1 °C,0 mm,—,,11 km/h,—,1008 hPa,60 %
2024-06-02,16,,34 °C,—,25.1 °C,0 mm,—,,11 km/h,—,1008 hPa,60 %
2024-06-02,17,,33 °C,—,23.9 °C,0 mm,—,,11 km/h,—,1008 hPa,59 %
2024-06-02,18,,32 °C,—,24.1 °C,0 mm,—,,6 km/h,—,1009 hPa,63 %
2024-06-02,19,,31 °C,—,23.9 °C,0 mm,—,,4 km/h,—,1010 hPa,66 %
2024-06-02,20,,31 °C,—,25.1 °C,0 mm,—,,2 km/h,—,1010 hPa,71 %
2024-06-02,21,,30 °C,—,25.1 °C,0 mm,—,,6 km/h,—,1011 hPa,75 %
2024-06-02,22,,31 °C,—,25.1 °C,0 mm,—,,6 km/h,—,1011 hPa,71 %
2024-06-02,23,,29 °C,—,25 °C,0 mm,—,,7 km/h,—,1011 hPa,79 %
2024-06-03,00,,30 °C,—,26 °C,0 mm,—,,6 km/h,—,1010 hPa,79 %
2024-06-03,01,,29 °C,—,26 °C,0 mm,—,,11 km/h,—,1009 hPa,84 %
2024-06-03,02,,28 °C,—,26.9 °C,0 mm,—,,7 km/h,—,1009 hPa,94 %
2024-06-03,03,,28 °C,—,28 °C,0 mm,—,,6 km/h,—,1009 hPa,100 %
2024-06-03,04,,26.1 °C,—,25.1 °C,0 mm,—,,3.7 km/h,—,1009.1 hPa,94 %
2024-06-03,05,,28 °C,—,28 °C,0 mm,—,,6 km/h,—,1009 hPa,100 %
2024-06-03,06,,28 °C,—,28 °C,0 mm,—,,7 km/h,—,1009 hPa,100 %
2024-06-03,07,,30 °C,—,28.9 °C,0 mm,—,,4 km/h,—,1010 hPa,94 %
2024-06-03,08,,31 °C,—,28 °C,0 mm,—,,4 km/h,—,1010 hPa,84 %
2024-06-03,09,,33 °C,—,27 °C,0 mm,—,,7 km/h,—,1010 hPa,71 %
2024-06-03,10,,34 °C,—,23.1 °C,0 mm,—,,11 km/h,—,1010 hPa,53 %
2024-06-03,11,,35 °C,—,24 °C,0 mm,—,,13 km/h,—,1010 hPa,53 %
2024-06-03,12,,35 °C,—,24 °C,0 mm,—,,19 km/h,—,1009 hPa,53 %
2024-06-03,13,,35 °C,—,23 °C,0 mm,—,,13 km/h,—,1009 hPa,50 %
2024-06-03,14,,35 °C,—,23 °C,0 mm,—,,19 km/h,—,1008 hPa,50 %
2024-06-03,15,,36 °C,—,22.9 °C,0 mm,—,,22 km/h,—,1007 hPa,47 %
2024-06-03,16,,35 °C,—,23 °C,0 mm,—,,15 km/h,—,1007 hPa,50 %
2024-06-03,17,,34 °C,—,23.1 °C,0 mm,—,,13 km/h,—,1007 hPa,53 %
2024-06-03,18,,33 °C,—,23.1 °C,0 mm,—,,9 km/h,—,1007 hPa,56 %
2024-06-03,19,,33 °C,—,23.1 °C,0 mm,—,,9 km/h,—,1008 hPa,56 %
2024-06-03,20,,31 °C,—,25.1 °C,0 mm,—,,17 km/h,—,1009 hPa,71 %
2024-06-03,21,,30 °C,—,25.1 °C,0 mm,—,,17 km/h,—,1009 hPa,75 %
2024-06-03,22,,30 °C,—,26 °C,0 mm,—,,9 km/h,—,1009 hPa,79 %
2024-06-03,23,,29 °C,—,26 °C,0 mm,—,,11 km/h,—,1009 hPa,84 %
2024-06-04,00,,28 °C,—,26 °C,0 mm,—,,11 km/h,—,1009 hPa,89 %
2024-06-04,01,,28 °C,—,26 °C,0 mm,—,,6 km/h,—,1008 hPa,89 %
2024-06-04,02,,28 °C,—,26 °C,0 mm,—,,6 km/h,—,1008 hPa,89 %
2024-06-04,03,,28 °C,—,26 °C,0 mm,—,,4 km/h,—,1008 hPa,89 %
2024-06-04,04,,28 °C,—,26.9 °C,0 mm,—,,6 km/h,—,1008 hPa,94 %
2024-06-04,05,,28 °C,—,26.9 °C,0 mm,—,,6 km/h,—,1009 hPa,94 %
2024-06-04,06,,28 °C,—,26.9 °C,0 mm,—,,7 km/h,—,1009 hPa,94 %
2024-06-04,07,,30 °C,—,28 °C,0 mm,—,,7 km/h,—,1009 hPa,89 %
2024-06-04,08,,31 °C,—,26.9 °C,0 mm,—,,11 km/h,—,1010 hPa,79 %
2024-06-04,09,,33 °C,—,27 °C,0 mm,—,,4 km/h,—,1010 hPa,71 %
2024-06-04,10,,35 °C,—,26.9 °C,0 mm,—,,9 km/h,—,1010 hPa,63 %
2024-06-04,11,,35 °C,—,24.9 °C,0 mm,—,,7 km/h,—,1009 hPa,56 %
2024-06-04,12,,35 °C,—,23 °C,0 mm,—,,9 km/h,—,1008 hPa,50 %
2024-06-04,13,,36 °C,—,24.9 °C,0 mm,—,,6 km/h,—,1008 hPa,53 %
2024-06-04,14,,36 °C,—,22.9 °C,0 mm,—,,9 km/h,—,1007 hPa,47 %
2024-06-04,15,,37 °C,—,23.1 °C,0 mm,—,,9 km/h,—,1006 hPa,45 %
2024-06-04,16,,37 °C,—,23.1 °C,0 mm,—,,9 km/h,—,1006 hPa,45 %
2024-06-04,17,,36 °C,—,22.9 °C,0 mm,—,,6 km/h,—,1007 hPa,47 %
2024-06-04,18,,34 °C,—,25.1 °C,0 mm,—,,11 km/h,—,1007 hPa,60 %
2024-06-04,19,,33 °C,—,26.1 °C,0 mm,—,,9 km/h,—,1007 hPa,67 %
2024-06-04,20,,33 °C,—,28 °C,0 mm,—,,11 km/h,—,1008 hPa,75 %
2024-06-04,21,,32 °C,—,28.1 °C,0 mm,—,,19 km/h,—,1009 hPa,80 %
2024-06-04,22,,32 °C,—,28.1 °C,0 mm,—,,17 km/h,—,1009 hPa,80 %
2024-06-04,23,,31 °C,—,28 °C,0 mm,—,,20 km/h,—,1010 hPa,84 %
2024-06-05,00,,30 °C,—,28 °C,0 mm,—,,17 km/h,—,1009 hPa,89 %
2024-06-05,01,,29 °C,—,27.9 °C,0 mm,—,,13 km/h,—,1009 hPa,94 %
2024-06-05,02,,29 °C,—,27.9 °C,0 mm,—,,13 km/h,—,1009 hPa,94 %
2024-06-05,03,,29 °C,—,27.9 °C,0 mm,—,,19 km/h,—,1008 hPa,94 %
2024-06-05,04,,29 °C,—,27.9 °C,0 mm,—,,13 km/h,—,1008 hPa,94 %
2024-06-05,05,,29 °C,—,27.9 °C,0 mm,—,,15 km/h,—,1009 hPa,94 %
2024-06-05,06,,29 °C,—,27.9 °C,0 mm,—,,13 km/h,—,1009 hPa,94 %
2024-06-05,07,,30 °C,—,28 °C,0 mm,—,,11 km/h,—,1010 hPa,89 %
2024-06-05,08,,31 °C,—,28 °C,0 mm,—,,15 km/h,—,1010 hPa,84 %
2024-06-05,09,,32 °C,—,28.1 °C,0 mm,—,,19 km/h,—,1011 hPa,80 %
2024-06-05,10,,34 °C,—,27 °C,0 mm,—,,19 km/h,—,1010 hPa,67 %
2024-06-05,11,,34 °C,—,27 °C,0 mm,—,,19 km/h,—,1010 hPa,67 %
2024-06-05,12,,35 °C,—,24.9 °C,0 mm,—,,20 km/h,—,1009 hPa,56 %
2024-06-05,13,,34 °C,—,24 °C,0 mm,—,,19 km/h,—,1008 hPa,56 %
2024-06-05,14,,34 °C,—,25.1 °C,0 mm,—,,17 km/h,—,1008 hPa,60 %
2024-06-05,15,,33 °C,—,25 °C,0 mm,—,,17 km/h,—,1007 hPa,63 %
2024-06-05,16,,29 °C,—,25 °C,0.1 mm,—,,22 km/h,—,1008 hPa,79 %
2024-06-05,17,,30 °C,—,25.1 °C,0.6 mm,—,,17 km/h,—,1008 hPa,75 %
2024-06-05,18,,30 °C,—,26 °C,0 mm,—,,6 km/h,—,1008 hPa,79 %
2024-06-05,19,,30 °C,—,26 °C,0 mm,—,,2 km/h,—,1009 hPa,79 %
2024-06-05,20,,30 °C,—,26 °C,0 mm,—,,4 km/h,—,1010 hPa,79 %
2024-06-05,21,,30 °C,—,27 °C,0 mm,—,,9 km/h,—,1011 hPa,84 %
2024-06-05,22,,30 °C,—,28 °C,0 mm,—,,11 km/h,—,1011 hPa,89 %
2024-06-05,23,,30 °C,—,28 °C,0 mm,—,,2 km/h,—,1011 hPa,89 %
2024-06-06,00,,29 °C,—,27.9 °C,0 mm,—,,2 km/h,—,1011 hPa,94 %
2024-06-06,01,,29 °C,—,27.9 °C,0 mm,—,,9 km/h,—,1010 hPa,94 %
2024-06-06,02,,29 °C,—,27.9 °C,0 mm,—,,6 km/h,—,1010 hPa,94 %
2024-06-06,03,,29 °C,—,27.9 °C,0.8 mm,—,,7 km/h,—,1010 hPa,94 %
2024-06-06,04,,28 °C,—,28 °C,0 mm,—,,7 km/h,—,1010 hPa,100 %
2024-06-06,05,,28 °C,—,28 °C,0 mm,—,,6 km/h,—,1010 hPa,100 %
2024-06-06,06,,28 °C,—,28 °C,0 mm,—,,4 km/h,—,1010 hPa,100 %
2024-06-06,07,,30 °C,—,28.9 °C,0 mm,—,,11 km/h,—,1011 hPa,94 %
2024-06-06,08,,31 °C,—,29 °C,0 mm,—,,11 km/h,—,1011 hPa,89 %
2024-06-06,09,,32 °C,—,28.1 °C,0.2 mm,—,,9 km/h,—,1011 hPa,80 %
2024-06-06,10,,34 °C,—,26 °C,0 mm,—,,9 km/h,—,1010 hPa,63 %
2024-06-06,11,,35 °C,—,24.9 °C,0.2 mm,—,,9 km/h,—,1010 hPa,56 %
2024-06-06,12,,36 °C,—,23.9 °C,0.2 mm,—,,9 km/h,—,1009 hPa,50 %
2024-06-06,13,,36 °C,—,23.9 °C,0.2 mm,—,,13 km/h,—,1008 hPa,50 %
2024-06-06,14,,36 °C,—,23.9 °C,0.2 mm,—,,9 km/h,—,1007 hPa,50 %
2024-06-06,15,,35 °C,—,24.9 °C,0.2 mm,—,,13 km/h,—,1006 hPa,56 %
2024-06-06,16,,34 °C,—,24 °C,1.7 mm,—,,15 km/h,—,1007 hPa,56 %
2024-06-06,17,,32 °C,—,26.1 °C,3.6 mm,—,,11 km/h,—,1007 hPa,71 %
2024-06-06,18,,32 °C,—,26.1 °C,0.1 mm,—,,9 km/h,—,1008 hPa,71 %
2024-06-06,19,,32 °C,—,26.1 °C,0.1 mm,—,,2 km/h,—,1009 hPa,71 %
2024-06-06,20,,32 °C,—,27 °C,0 mm,—,,4 km/h,—,1010 hPa,75 %
2024-06-06,21,,31 °C,—,26.9 °C,0 mm,—,,6 km/h,—,1010 hPa,79 %
2024-06-06,22,,31 °C,—,26.9 °C,0 mm,—,,11 km/h,—,1010 hPa,79 %
2024-06-06,23,,30 °C,—,26 °C,0 mm,—,,11 km/h,—,1010 hPa,79 %
2024-06-07,00,,30 °C,—,26 °C,0 mm,—,,15 km/h,—,1010 hPa,79 %
2024-06-07,01,,30 °C,—,27 °C,0 mm,—,,20 km/h,—,1009 hPa,84 %
2024-06-07,02,,29 °C,—,27 °C,0 mm,—,,17 km/h,—,1008 hPa,89 %
2024-06-07,03,,29 °C,—,27 °C,0 mm,—,,15 km/h,—,1008 hPa,89 %
2024-06-07,04,,29 °C,—,27 °C,0 mm,—,,11 km/h,—,1008 hPa,89 %
2024-06-07,05,,28 °C,—,26.9 °C,0 mm,—,,11 km/h,—,1009 hPa,94 %
2024-06-07,06,,28 °C,—,28 °C,0.3 mm,—,,9 km/h,—,1009 hPa,100 %
2024-06-07,07,,29 °C,—,27.9 °C,0.2 mm,—,,9 km/h,—,1010 hPa,94 %
2024-06-07,08,,30 °C,—,28 °C,0 mm,—,,6 km/h,—,1010 hPa,89 %
2024-06-07,09,,32 °C,—,27 °C,0 mm,—,,7 km/h,—,1010 hPa,75 %
2024-06-07,10,,31.4 °C,—,24.5 °C,0 mm,—,,9.3 km/h,—,1010.1 hPa,67 %
2024-06-07,11,,33 °C,—,26.1 °C,0 mm,—,,13 km/h,—,1009 hPa,67 %
2024-06-07,12,,26 °C,—,25 °C,0 mm,—,,19 km/h,—,1009 hPa,94 %
2024-06-07,13,,26 °C,—,26 °C,0 mm,—,,17 km/h,—,1008 hPa,100 %
2024-06-07,14,,28 °C,—,26.9 °C,0 mm,—,,2 km/h,—,1007 hPa,94 %
2024-06-07,15,,28 °C,—,26.9 °C,0 mm,—,,4 km/h,—,1006 hPa,94 %
2024-06-07,16,,28 °C,—,26.9 °C,0 mm,—,,6 km/h,—,1006 hPa,94 %
2024-06-07,17,,27 °C,—,27 °C,1.2 mm,—,,15 km/h,—,1007 hPa,100 %
2024-06-07,18,,27 °C,—,27 °C,0 mm,—,,11 km/h,—,1007 hPa,100 %
2024-06-07,19,,27 °C,—,26 °C,0 mm,—,,6 km/h,—,1007 hPa,94 %
2024-06-07,20,,27 °C,—,26 °C,0 mm,—,,11 km/h,—,1008 hPa,94 %
2024-06-07,21,,26 °C,—,25 °C,0 mm,—,,9 km/h,—,1008 hPa,94 %
2024-06-07,22,,27 °C,—,25 °C,0 mm,—,,4 km/h,—,1008 hPa,89 %
2024-06-07,23,,27 °C,—,26 °C,0 mm,—,,4 km/h,—,1008 hPa,94 %
2024-06-08,00,,27 °C,—,26 °C,0 mm,—,,4 km/h,—,1008 hPa,94 %
2024-06-08,01,,27 °C,—,26 °C,0 mm,—,,4 km/h,—,1007 hPa,94 %
2024-06-08,02,,27 °C,—,26 °C,0 mm,—,,2 km/h,—,1007 hPa,94 %
2024-06-08,03,,26 °C,—,26 °C,0 mm,—,,7 km/h,—,1006 hPa,100 %
2024-06-08,04,,27 °C,—,26 °C,0 mm,—,,4 km/h,—,1007 hPa,94 %
2024-06-08,05,,27 °C,—,26 °C,0 mm,—,,2 km/h,—,1007 hPa,94 %
2024-06-08,06,,27 °C,—,26 °C,0 mm,—,,4 km/h,—,1008 hPa,94 %
2024-06-08,07,,29 °C,—,27 °C,0 mm,—,,2 km/h,—,1008 hPa,89 %
2024-06-08,08,,30 °C,—,27 °C,0 mm,—,,2 km/h,—,1009 hPa,84 %
2024-06-08,09,,32 °C,—,28.1 °C,0.1 mm,—,,9 km/h,—,1008 hPa,80 %
2024-06-08,10,,33 °C,—,27 °C,0 mm,—,,11 km/h,—,1009 hPa,71 %
2024-06-08,11,,33 °C,—,26.1 °C,0 mm,—,,15 km/h,—,1008 hPa,67 %
2024-06-08,12,,34 °C,—,26 °C,0 mm,—,,15 km/h,—,1007 hPa,63 %
2024-06-08,13,,34 °C,—,26 °C,0 mm,—,,13 km/h,—,1006 hPa,63 %
2024-06-08,14,,35 °C,—,24 °C,0 mm,—,,11 km/h,—,1005 hPa,53 %
2024-06-08,15,,34 °C,—,25.1 °C,0 mm,—,,11 km/h,—,1004 hPa,60 %
2024-06-08,16,,30 °C,—,23.9 °C,3.1 mm,—,,32 km/h,—,1005 hPa,70 %
2024-06-08,17,,27 °C,—,26 °C,0.3 mm,—,,9 km/h,—,1006 hPa,94 %
2024-06-08,18,,27 °C,—,26 °C,6.6 mm,—,,9 km/h,—,1006 hPa,94 %
2024-06-08,19,,28 °C,—,26 °C,0.6 mm,—,,7 km/h,—,1006 hPa,89 %
2024-06-08,20,,28 °C,—,26 °C,0.4 mm,—,,7 km/h,—,1007 hPa,89 %
2024-06-08,21,,27 °C,—,26 °C,0 mm,—,,7 km/h,—,1008 hPa,94 %
2024-06-08,22,,27 °C,—,26 °C,0 mm,—,,6 km/h,—,1008 hPa,94 %
2024-06-08,23,,27 °C,—,27 °C,0 mm,—,,6 km/h,—,1009 hPa,100 %
2024-06-09,00,,27 °C,—,26 °C,0 mm,—,,7 km/h,—,1008 hPa,94 %
2024-06-09,01,,28 °C,—,26.9 °C,0 mm,—,,6 km/h,—,1007 hPa,94 %
2024-06-09,02,,28 °C,—,26.9 °C,0 mm,—,,4 km/h,—,1007 hPa,94 %
2024-06-09,03,,28 °C,—,28 °C,0 mm,—,,11 km/h,—,1006 hPa,100 %
2024-06-09,04,,28 °C,—,26.9 °C,0 mm,—,,6 km/h,—,1006 hPa,94 %
2024-06-09,05,,28 °C,—,28 °C,0 mm,—,,4 km/h,—,1006 hPa,100 %
2024-06-09,06,,29 °C,—,27.9 °C,0 mm,—,,7 km/h,—,1007 hPa,94 %
2024-06-09,07,,30 °C,—,28 °C,0 mm,—,,7 km/h,—,1007 hPa,89 %
2024-06-09,08,,31 °C,—,28 °C,0 mm,—,,17 km/h,—,1008 hPa,84 %
2024-06-09,09,,31 °C,—,26.9 °C,0 mm,—,,19 km/h,—,1008 hPa,79 %
2024-06-09,10,,28 °C,—,26 °C,0 mm,—,,28 km/h,—,1009 hPa,89 %
2024-06-09,11,,30 °C,—,26 °C,0.1 mm,—,,26 km/h,—,1008 hPa,79 %
2024-06-09,12,,30 °C,—,25.1 °C,0.3 mm,—,,19 km/h,—,1008 hPa,75 %
2024-06-09,13,,30 °C,—,26 °C,2.5 mm,—,,15 km/h,—,1007 hPa,79 %
2024-06-09,14,,31 °C,—,26 °C,0.8 mm,—,,20 km/h,—,1006 hPa,75 %
2024-06-09,15,,30 °C,—,26 °C,0.2 mm,—,,19 km/h,—,1006 hPa,79 %
2024-06-09,16,,31 °C,—,26 °C,0.6 mm,—,,17 km/h,—,1006 hPa,75 %
2024-06-09,17,,31 °C,—,26 °C,0.4 mm,—,,15 km/h,—,1006 hPa,75 %
2024-06-09,18,,31 °C,—,25.1 °C,0.1 mm,—,,17 km/h,—,1007 hPa,71 %
2024-06-09,19,,30 °C,—,25.1 °C,0 mm,—,,13 km/h,—,1008 hPa,75 %
2024-06-09,20,,30 °C,—,25.1 °C,0 mm,—,,11 km/h,—,1009 hPa,75 %
2024-06-09,21,,30 °C,—,25.1 °C,0 mm,—,,17 km/h,—,1009 hPa,75 %
2024-06-09,22,,29 °C,—,25 °C,0 mm,—,,13 km/h,—,1010 hPa,79 %
2024-06-09,23,,29 °C,—,25 °C,0 mm,—,,11 km/h,—,1010 hPa,79 %
2024-06-10,00,,29 °C,—,25 °C,0 mm,—,,15 km/h,—,1009 hPa,79 %
2024-06-10,01,,29 °C,—,26 °C,0 mm,—,,15 km/h,—,1009 hPa,84 %
2024-06-10,02,,28 °C,—,26 °C,0 mm,—,,11 km/h,—,1008 hPa,89 %
2024-06-10,03,,28 °C,—,26.9 °C,0 mm,—,,17 km/h,—,1008 hPa,94 %
2024-06-10,04,,28 °C,—,26 °C,0 mm,—,,11 km/h,—,1008 hPa,89 %
2024-06-10,05,,28 °C,—,26 °C,0 mm,—,,11 km/h,—,1009 hPa,89 %
2024-06-10,06,,28 °C,—,26 °C,0 mm,—,,13 km/h,—,1009 hPa,89 %
2024-06-10,07,,29 °C,—,26 °C,0 mm,—,,13 km/h,—,1010 hPa,84 %
2024-06-10,08,,30 °C,—,25.1 °C,0 mm,—,,15 km/h,—,1010 hPa,75 %
2024-06-10,09,,31 °C,—,26 °C,0 mm,—,,20 km/h,—,1010 hPa,75 %
2024-06-10,10,,29 °C,—,26 °C,0 mm,—,,28 km/h,—,1011 hPa,84 %
2024-06-10,11,,30 °C,—,23.9 °C,0.1 mm,—,,32 km/h,—,1010 hPa,70 %
2024-06-10,12,,32 °C,—,25.1 °C,0 mm,—,,22 km/h,—,1009 hPa,67 %
2024-06-10,13,,31 °C,—,25.1 °C,2.3 mm,—,,20 km/h,—,1009 hPa,71 %
2024-06-10,14,,32 °C,—,23 °C,0.1 mm,—,,22 km/h,—,1008 hPa,59 %
2024-06-10,15,,32 °C,—,20 °C,1.3 mm,—,,19 km/h,—,1008 hPa,49 %
2024-06-10,16,,32 °C,—,20.9 °C,0 mm,—,,19 km/h,—,1008 hPa,52 %
2024-06-10,17,,31 °C,—,22.1 °C,2.5 mm,—,,17 km/h,—,1008 hPa,59 %
2024-06-10,18,,30 °C,—,21.9 °C,0 mm,—,,17 km/h,—,1008 hPa,62 %
2024-06-10,19,,30 °C,—,23 °C,0 mm,—,,15 km/h,—,1010 hPa,66 %
2024-06-10,20,,30 °C,—,23 °C,0 mm,—,,11 km/h,—,1010 hPa,66 %
2024-06-10,21,,29 °C,—,23 °C,0 mm,—,,11 km/h,—,1011 hPa,70 %
2024-06-10,22,,29 °C,—,24.1 °C,0 mm,—,,13 km/h,—,1012 hPa,75 %
2024-06-10,23,,29 °C,—,24.1 °C,0 mm,—,,13 km/h,—,1012 hPa,75 %
2024-06-11,00,,29 °C,—,25 °C,0 mm,—,,11 km/h,—,1011 hPa,79 %
2024-06-11,01,,28 °C,—,25 °C,0 mm,—,,11 km/h,—,1011 hPa,84 %
2024-06-11,02,,28 °C,—,26 °C,0 mm,—,,11 km/h,—,1010 hPa,89 %
2024-06-11,03,,28 °C,—,26 °C,0 mm,—,,7 km/h,—,1010 hPa,89 %
2024-06-11,04,,28 °C,—,26 °C,0 mm,—,,6 km/h,—,1011 hPa,89 %
2024-06-11,05,,28 °C,—,26 °C,0 mm,—,,6 km/h,—,1011 hPa,89 %
2024-06-11,06,,29 °C,—,27 °C,0 mm,—,,6 km/h,—,1012 hPa,89 %
2024-06-11,07,,30 °C,—,26 °C,0 mm,—,,9 km/h,—,1012 hPa,79 %
2024-06-11,08,,31 °C,—,26 °C,0 mm,—,,13 km/h,—,1012 hPa,75 %
2024-06-11,09,,32 °C,—,25.1 °C,0 mm,—,,19 km/h,—,1012 hPa,67 %
2024-06-11,10,,33 °C,—,25 °C,0 mm,—,,19 km/h,—,1012 hPa,63 %
2024-06-11,11,,33 °C,—,23.9 °C,0 mm,—,,19 km/h,—,1011 hPa,59 %
2024-06-11,12,,33 °C,—,23.9 °C,0 mm,—,,19 km/h,—,1010 hPa,59 %
2024-06-11,13,,34 °C,—,23.1 °C,0 mm,—,,17 km/h,—,1010 hPa,53 %
2024-06-11,14,,34 °C,—,24 °C,0 mm,—,,17 km/h,—,1008 hPa,56 %
2024-06-11,15,,34 °C,—,24 °C,1.5 mm,—,,17 km/h,—,1008 hPa,56 %
2024-06-11,16,,33 °C,—,23.9 °C,0 mm,—,,19 km/h,—,1008 hPa,59 %
2024-06-11,17,,33 °C,—,23.9 °C,0 mm,—,,20 km/h,—,1008 hPa,59 %
2024-06-11,18,,32 °C,—,24.1 °C,0 mm,—,,17 km/h,—,1008 hPa,63 %
2024-06-11,19,,31 °C,—,25.1 °C,0 mm,—,,11 km/h,—,1009 hPa,71 %
2024-06-11,20,,30 °C,—,25.1 °C,0 mm,—,,17 km/h,—,1010 hPa,75 %
2024-06-11,21,,30 °C,—,23.9 °C,0 mm,—,,17 km/h,—,1010 hPa,70 %
2024-06-11,22,,29 °C,—,25 °C,0 mm,—,,13 km/h,—,1011 hPa,79 %
2024-06-11,23,,29 °C,—,26 °C,0 mm,—,,17 km/h,—,1011 hPa,84 %
2024-06-12,00,,29 °C,—,27 °C,0 mm,—,,13 km/h,—,1010 hPa,89 %
2024-06-12,01,,28 °C,—,26.9 °C,0 mm,—,,15 km/h,—,1010 hPa,94 %
2024-06-12,02,,28 °C,—,26.9 °C,0 mm,—,,15 km/h,—,1010 hPa,94 %
2024-06-12,03,,27 °C,—,27 °C,0 mm,—,,13 km/h,—,1010 hPa,100 %
2024-06-12,04,,27 °C,—,26 °C,0 mm,—,,9 km/h,—,1011 hPa,94 %
2024-06-12,05,,27 °C,—,26 °C,0 mm,—,,9 km/h,—,1011 hPa,94 %
2024-06-12,06,,29 °C,—,27 °C,0 mm,—,,7 km/h,—,1012 hPa,89 %
2024-06-12,07,,30 °C,—,27 °C,0 mm,—,,15 km/h,—,1012 hPa,84 %
2024-06-12,08,,31 °C,—,26.9 °C,0 mm,—,,15 km/h,—,1013 hPa,79 %
2024-06-12,09,,33 °C,—,26.1 °C,0 mm,—,,17 km/h,—,1013 hPa,67 %
2024-06-12,10,,33 °C,—,25 °C,0 mm,—,,17 km/h,—,1012 hPa,63 %
2024-06-12,11,,34 °C,—,24 °C,0 mm,—,,17 km/h,—,1011 hPa,56 %
2024-06-12,12,,35 °C,—,24 °C,0.2 mm,—,,15 km/h,—,1010 hPa,53 %
2024-06-12,13,,35 °C,—,24 °C,0.1 mm,—,,19 km/h,—,1010 hPa,53 %
2024-06-12,14,,36 °C,—,22.9 °C,0 mm,—,,15 km/h,—,1009 hPa,47 %
2024-06-12,15,,35 °C,—,24 °C,2.3 mm,—,,15 km/h,—,1008 hPa,53 %
2024-06-12,16,,35 °C,—,24 °C,1 mm,—,,17 km/h,—,1008 hPa,53 %
2024-06-12,17,,34 °C,—,24 °C,0 mm,—,,19 km/h,—,1009 hPa,56 %
2024-06-12,18,,33 °C,—,23.9 °C,0 mm,—,,15 km/h,—,1009 hPa,59 %
2024-06-12,19,,28 °C,—,24 °C,0 mm,—,,11 km/h,—,1009 hPa,79 %
2024-06-12,20,,28 °C,—,24 °C,0 mm,—,,11 km/h,—,1010 hPa,79 %
2024-06-12,21,,28 °C,—,25 °C,0 mm,—,,7 km/h,—,1010 hPa,84 %
2024-06-12,22,,28 °C,—,25 °C,0 mm,—,,2 km/h,—,1010 hPa,84 %
2024-06-12,23,,28 °C,—,25 °C,0 mm,—,,2 km/h,—,1010 hPa,84 %
